product_id,Brand_Name,product_name,Category,discounted_price,actual_price,discount_percentage,rating,rating_count
B07GQD4K6L,boAt,boAt Bassheads 100 in Ear Wired Earphones with Mic(Furious Red),WiredEarphones,379,999,62%,4.1,363713
B07GPXXNNG,boAt,boAt Bassheads 100 in Ear Wired Earphones with Mic(Taffy Pink),WiredEarphones,349,999,65%,4.1,363713
B071Z8M4KX,boAt,boAt BassHeads 100 in-Ear Wired Headphones with Mic (Black),WiredEarphones,365,999,63%,4.1,363711
B09GFPVD9Y,Redmi,"Redmi 9 Activ (Carbon Black, 4GB RAM, 64GB Storage) | Octa-core Helio G35 | 5000 mAh Battery",Smartphones,"8,499.00","10,999.00",23%,4.1,313836
B09GFLXVH9,Redmi,"Redmi 9A Sport (Coral Green, 2GB RAM, 32GB Storage) | 2GHz Octa-core Helio G25 Processor | 5000 mAh Battery",Smartphones,"6,499.00","8,499.00",24%,4.1,313836
B09GFM8CGS,Redmi,"Redmi 9A Sport (Carbon Black, 2GB RAM, 32GB Storage) | 2GHz Octa-core Helio G25 Processor | 5000 mAh Battery",Smartphones,"6,499.00","7,999.00",19%,4.1,313832
B09GFPN6TP,Redmi,"Redmi 9A Sport (Coral Green, 3GB RAM, 32GB Storage) | 2GHz Octa-core Helio G25 Processor | 5000 mAh Battery",Smartphones,"7,499.00","9,499.00",21%,4.1,313832
B01MF8MB65,boAt,boAt Bassheads 225 in Ear Wired Earphones with Mic(Blue),WiredEarphones,699,999,30%,4.1,273189
B01DEWVZ2C,JBL,"JBL C100SI Wired In Ear Headphones with Mic, JBL Pure Bass Sound, One Button Multi-function Remote, Angled Buds for Comfort fit (Black)",WiredEarphones,599,999,40%,4.1,192590
B01DF26V7A,JBL,"JBL C100SI Wired In Ear Headphones with Mic, JBL Pure Bass Sound, One Button Multi-function Remote, Premium Metallic Finish, Angled Buds for Comfort fit (Red)",WiredEarphones,599,"1,299.00",54%,4.1,192589
B01DEWVZ2C,JBL,"JBL C100SI Wired In Ear Headphones with Mic, JBL Pure Bass Sound, One Button Multi-function Remote, Angled Buds for Comfort fit (Black)",WiredEarphones,599,999,40%,4.1,192587
B08JQN8DGZ,boAt,"boAt Airdopes 121v2 in-Ear True Wireless Earbuds with Upto 14 Hours Playback, 8MM Drivers, Battery Indicators, Lightweight Earbuds & Multifunction Controls (Active Black, with Mic)",Earbuds,"1,299.00","2,990.00",57%,3.8,180998
B07S9S86BF,boAt,boAt Bassheads 242 in Ear Wired Earphones with Mic(Active Black),WiredEarphones,599,"1,490.00",60%,4.1,161679
B08H9Z3XQW,boAt,boAt Bassheads 242 in Ear Wired Earphones with Mic(Blue),WiredEarphones,455,"1,490.00",69%,4.1,161677
B08TV2P1N8,boAt,"boAt Rockerz 255 Pro+ in-Ear Bluetooth Neckband with Upto 40 Hours Playback, ASAP  Charge, IPX7, Dual Pairing, BT v5.0, with Mic (Active Black)",neckband,"1,399.00","3,990.00",65%,4.1,141841
B09N3ZNHTY,boAt,"boAt Airdopes 141 Bluetooth Truly Wireless in Ear Earbuds with mic, 42H Playtime, Beast Mode(Low Latency Upto 80ms) for Gaming, ENx Tech, ASAP Charge, IWP, IPX4 Water Resistance (Bold Black)",Earbuds,"1,499.00","4,490.00",67%,3.9,136954
B09YDFKJF8,Nokia,"Nokia 105 Plus Single SIM, Keypad Mobile Phone with Wireless FM Radio, Memory Card Slot and MP3 Player | Charcoal",BasicMobiles,"1,324.00","1,699.00",22%,4,128311
B09YDFDVNS,Nokia,"Nokia 105 Plus Single SIM, Keypad Mobile Phone with Wireless FM Radio, Memory Card Slot and MP3 Player | Red",BasicMobiles,"1,324.00","1,699.00",22%,4,128311
B09V2PZDX8,Nokia,"Nokia 105 Single SIM, Keypad Mobile Phone with Wireless FM Radio | Blue",BasicMobiles,"1,299.00","1,599.00",19%,4,128311
B09V2Q4QVQ,Nokia,"Nokia 105 Single SIM, Keypad Mobile Phone with Wireless FM Radio | Charcoal",BasicMobiles,"1,299.00","1,599.00",19%,4,128311
B01HGCLUH6,TP-link,TP-link N300 WiFi Wireless Router TL-WR845N | 300Mbps Wi-Fi Speed | Three 5dBi high gain Antennas | IPv6 Compatible | AP/RE/WISP Mode | Parental Control | Guest Network,Routers,"1,149.00","1,699.00",32%,4.2,122478
B07CD2BN46,Xiaomi,Xiaomi Mi Wired in Ear Earphones with Mic Basic with Ultra Deep Bass & Aluminum Alloy Sound Chamber (Black),WiredEarphones,429,599,28%,4.1,119466
B092X94QNQ,boAt,"boAt Rockerz 330 in-Ear Bluetooth Neckband with Upto 30 Hours Playtime, ASAP  Charge, Signature Sound, Dual Pairing & IPX5 with Mic (Active Black)",neckband,"1,499.00","3,990.00",62%,4.1,109864
B07PR1CL3S,boAt,"boAt Rockerz 450 Bluetooth On Ear Headphones with Mic, Upto 15 Hours Playback, 40MM Drivers, Padded Ear Cushions, Integrated Controls and Dual Modes(Luscious Black)",HeadphonesOn-Ear,"1,220.00","3,990.00",69%,4.1,107151
B07LG59NPV,Boult,"Boult Audio Probass Curve Bluetooth Wireless in Ear Earphones with Mic with Ipx5 Water Resistant, 12H Battery Life & Extra Bass (Black)",Earbuds,899,"4,499.00",80%,3.8,103052
B083T5G5PM,Sennheiser,Sennheiser CX 80S in-Ear Wired Headphones with in-line One-Button Smart Remote with Microphone Black,WiredEarphones,"1,490.00","1,990.00",25%,4.1,98250
B01FSYQ2A4,boAt,boAt Rockerz 400 Bluetooth On Ear Headphones With Mic With Upto 8 Hours Playback & Soft Padded Ear Cushions(Grey/Green),HeadphonesOn-Ear,"1,399.00","2,990.00",53%,4.1,97175
B01FSYQ2A4,boAt,boAt Rockerz 400 Bluetooth On Ear Headphones With Mic With Upto 8 Hours Playback & Soft Padded Ear Cushions(Grey/Green),HeadphonesOn-Ear,"1,399.00","2,990.00",53%,4.1,97174
B07XLML2YS,TP-Link,TP-Link Tapo 360° 2MP 1080p Full HD Pan/Tilt Home Security Wi-Fi Smart Camera| Alexa Enabled| 2-Way Audio| Night Vision| Motion Detection| Sound and Light Alarm| Indoor CCTV (Tapo C200) White,Cameras,"2,499.00","3,299.00",24%,4.2,93112
B07JQKQ91F,JBL,"JBL C50HI, Wired in Ear Headphones with Mic, One Button Multi-Function Remote, Lightweight & Comfortable fit (Black)",WiredEarphones,499,999,50%,3.9,92995
B08HV25BBQ,Noise,Noise ColorFit Pro 2 Full Touch Control Smart Watch with 35g Weight & Upgraded LCD Display (Deep Wine),SmartWatches,"1,499.00","4,999.00",70%,4,92588
B07YY1BY5B,Noise,"Noise ColorFit Pro 2 Full Touch Control Smart Watch with 35g Weight & Upgraded LCD Display,IP68 Waterproof,Heart Rate Monitor,Sleep & Step Tracker,Call & Message Alerts & Long Battery Life (Jet Black)",SmartWatches,"1,499.00","4,999.00",70%,4,92588
B07KY3FNQP,boAt,boAt Bassheads 152 in Ear Wired Earphones with Mic(Active Black),WiredEarphones,449,"1,290.00",65%,4.1,91770
B078W65FJ7,boAt,boAt BassHeads 900 On-Ear Wired Headphones with Mic (White),HeadphonesOn-Ear,849,"2,490.00",66%,4.2,91188
B08FB2LNSZ,JBL,"JBL Tune 215BT, 16 Hrs Playtime with Quick Charge, in Ear Bluetooth Wireless Earphones with Mic, 12.5mm Premium Earbuds with Pure Bass, BT 5.0, Dual Pairing, Type C & Voice Assistant Support (Black)",Earbuds,"1,499.00","2,999.00",50%,3.7,87798
B085W8CFLH,PTron,"PTron Tangent Lite Bluetooth 5.0 Earphones with Mic, Hi-Fi Stereo Sound Neckband, 8Hrs Playtime, Lightweight Snug-fit in-Ear Headphones, IPX4 Water Resistant, Fast Charge & Voice Assistant (Black)",neckband,599,"1,800.00",67%,3.5,83996
B07TCN5VR9,Boult,Boult Audio BassBuds X1 in-Ear Wired Earphones with 10mm Extra Bass Driver and HD Sound with mic(Black),WiredEarphones,329,999,67%,3.9,77027
B08MTLLSL8,boAt,boAt Bassheads 102 Wired in Ear Earphones with Mic (Mint Green),WiredEarphones,399,"1,290.00",69%,4.2,76042
B07XJWTYM2,realme,"realme Buds Wireless in Ear Bluetooth Earphones with mic, 11.2mm Bass Boost Driver, Magnetic Fast Pair, Fast Charging and 12 Hrs Playtime (Yellow)",Earbuds,"1,679.00","1,999.00",16%,4.1,72563
B09MQSCJQ1,boAt,"boAt Xtend Smartwatch with Alexa Built-in, 1.69” HD Display, Multiple Watch Faces, Stress Monitor, Heart & SpO2 Monitoring, 14 Sports Modes, Sleep Monitor, 5 ATM & 7 Days Battery(Charcoal Black)",SmartWatches,"2,299.00","7,990.00",71%,4.2,69622
B09MQSCJQ1,boAt,"boAt Xtend Smartwatch with Alexa Built-in, 1.69” HD Display, Multiple Watch Faces, Stress Monitor, Heart & SpO2 Monitoring, 14 Sports Modes, Sleep Monitor, 5 ATM & 7 Days Battery(Charcoal Black)",SmartWatches,"2,299.00","7,990.00",71%,4.2,69619
B0759QMF85,TP-Link,"TP-Link AC750 Dual Band Wireless Cable Router, 4 10/100 LAN + 10/100 WAN Ports, Support Guest Network and Parental Control, 750Mbps Speed Wi-Fi, 3 Antennas (Archer C20) Blue, 2.4 GHz",Routers,"1,529.00","2,399.00",36%,4.3,68409
B097R25DP7,Noise,"Noise ColorFit Pulse Smartwatch with 3.56 cm (1.4"") Full Touch HD Display, SpO2, Heart Rate, Sleep Monitors & 10-Day Battery - Jet Black",SmartWatches,"1,599.00","4,999.00",68%,4,67951
B097R25DP7,Noise,"Noise ColorFit Pulse Smartwatch with 3.56 cm (1.4"") Full Touch HD Display, SpO2, Heart Rate, Sleep Monitors & 10-Day Battery - Jet Black",SmartWatches,"1,599.00","4,999.00",68%,4,67950
B07YNTJ8ZM,Zebronics,"Zebronics ZEB-COUNTY 3W Wireless Bluetooth Portable Speaker With Supporting Carry Handle, USB, SD Card, AUX, FM & Call Function. (Green)",Speakers,549,999,45%,3.9,64705
B07B88KQZ8,JBL,"JBL Go 2, Wireless Portable Bluetooth Speaker with Mic, JBL Signature Sound, Vibrant Color Options with IPX7 Waterproof & AUX (Blue)",Speakers,"1,999.00","2,999.00",33%,4.3,63899
B01J0XWYKQ,Logitech,"Logitech B170 Wireless Mouse, 2.4 GHz with USB Nano Receiver, Optical Tracking, 12-Months Battery Life, Ambidextrous, PC/Mac/Laptop - Black",Mouse,599,895,33%,4.4,61314
B07L8KNP5F,ZEBRONICS,"ZEBRONICS Zeb-Thunder Bluetooth Wireless Over Ear Headphone FM, mSD, 9 hrs Playback with Mic (Black)",HeadphonesOn-Ear,599,"1,399.00",57%,3.8,60026
B08444S68L,OPPO,"OPPO A31 (Mystery Black, 6GB RAM, 128GB Storage) with No Cost EMI/Additional Exchange Offers",Smartphones,"12,490.00","15,990.00",22%,4.2,58506
B08D77XZX5,PTron,"PTron Tangentbeat in-Ear Bluetooth 5.0 Wireless Headphones with Mic, Enhanced Bass, 10mm Drivers, Clear Calls, Snug-Fit, Fast Charging, Magnetic Buds, Voice Assistant & IPX4 Wireless Neckband (Black)",neckband,599,"2,499.00",76%,3.9,58162
B0BD3T6Z1D,Samsung,"Samsung Galaxy M32 Prime Edition (Light Blue, 4GB RAM, 64GB)",Smartphones,"12,999.00","13,499.00",4%,4.1,56098
B0856HY85J,boAt,"boAt Rockerz 550 Over Ear Bluetooth Headphones with Upto 20 Hours Playback, 50MM Drivers, Soft Padded Ear Cushions and Physical Noise Isolation, Without Mic (Black)",HeadphonesOn-Ear,"1,799.00","4,999.00",64%,4.1,55192
B004IO5BMQ,Logitech,"Logitech M235 Wireless Mouse, 1000 DPI Optical Tracking, 12 Month Life Battery, Compatible with Windows, Mac, Chromebook/PC/Laptop",Mouse,699,995,30%,4.5,54405
B009VCGPSY,HP,"HP X1000 Wired USB Mouse with 3 Handy Buttons, Fast-Moving Scroll Wheel and Optical Sensor works on most Surfaces (H2C21AA, Black/Grey)",Mouse,269,649,59%,4.3,54315
B07DFYJRQV,JBL,"JBL C200SI, Premium in Ear Wired Earphones with Mic, Signature Sound, One Button Multi-Function Remote, Angled Earbuds for Comfort fit (Blue)",WiredEarphones,799,"1,499.00",47%,4.1,53648
B09QS9X9L8,Redmi,"Redmi Note 11 (Horizon Blue, 6GB RAM, 64GB Storage)|90Hz FHD+ AMOLED Display | Qualcomm® Snapdragon™ 680-6nm | 33W Charger Included",Smartphones,"12,999.00","18,999.00",32%,4.1,50772
B09QS9CWLV,Redmi,"Redmi Note 11 (Horizon Blue, 6GB RAM, 64GB Storage)|90Hz FHD+ AMOLED Display | Qualcomm® Snapdragon™ 680-6nm | 33W Charger Included",Smartphones,"12,999.00","18,999.00",32%,4.1,50772
B09QS8V5N8,Redmi,"Redmi Note 11 (Space Black, 4GB RAM, 64GB Storage)|90Hz FHD+ AMOLED Display | Qualcomm® Snapdragon™ 680-6nm | 33W Charger Included",Smartphones,"12,999.00","17,999.00",28%,4.1,50772
B09QS9X16F,Redmi,"Redmi Note 11 (Space Black, 6GB RAM, 64GB Storage) | 90Hz FHD+ AMOLED Display | Qualcomm® Snapdragon™ 680-6nm | 33W Charger Included",Smartphones,"12,999.00","18,999.00",32%,4.1,50772
B096VF5YYF,boAt,"boAt Xtend Smartwatch with Alexa Built-in, 1.69” HD Display, Multiple Watch Faces, Stress Monitor, Heart & SpO2 Monitoring, 14 Sports Modes, Sleep Monitor, 5 ATM & 7 Days Battery(Pitch Black)",SmartWatches,"2,999.00","7,990.00",62%,4.1,48449
B096VF5YYF,boAt,"boAt Xtend Smartwatch with Alexa Built-in, 1.69” HD Display, Multiple Watch Faces, Stress Monitor, Heart & SpO2 Monitoring, 14 Sports Modes, Sleep Monitor, 5 ATM & 7 Days Battery(Pitch Black)",SmartWatches,"2,999.00","7,990.00",62%,4.1,48448
B086WMSCN3,boAt,"boAt Airdopes 171 in Ear Bluetooth True Wireless Earbuds with Upto 13 Hours Battery, IPX4, Bluetooth v5.0, Dual Tone Finish with Mic (Mysterious Blue)",Earbuds,"1,199.00","5,999.00",80%,3.9,47521
B09RFC46VP,Redmi,Redmi 108 cm (43 inches) 4K Ultra HD Android Smart LED TV X43 | L43R7-7AIN (Black),Televisions,"26,999.00","42,999.00",37%,4.2,45238
B08Y55LPBF,Redmi,Redmi 126 cm (50 inches) 4K Ultra HD Android Smart LED TV X50 | L50M6-RA (Black),Televisions,"32,999.00","44,999.00",27%,4.2,45238
B09F9YQQ7B,Redmi,Redmi 80 cm (32 inches) Android 11 Series HD Ready Smart LED TV | L32M6-RA/L32M7-RA (Black),Televisions,"13,999.00","24,999.00",44%,4.2,45238
B09F9YQQ7B,Redmi,Redmi 80 cm (32 inches) Android 11 Series HD Ready Smart LED TV | L32M6-RA/L32M7-RA (Black),Televisions,"13,999.00","24,999.00",44%,4.2,45237
B09CYTJV3N,MI,"MI 360° Home Security Wireless Camera 2K Pro with Bluetooth Gateway BLE 4.2 l Dual Band Wi-fi Connection l 3 Million 1296p| Full Color in Low-Light | AI Human Detection, White",Cameras,"4,499.00","5,999.00",25%,4.3,44696
B0873L7J6X,Infinity,"Infinity (JBL Glide 510, 72 Hrs Playtime with Quick Charge, Wireless On Ear Headphone with Mic, Deep Bass, Dual Equalizer, Bluetooth 5.0 with Voice Assistant Support (Black)",HeadphonesOn-Ear,"1,499.00","3,999.00",63%,4.2,42775
B0972BQ2RS,Fire-Boltt,"Fire-Boltt India's No 1 Smartwatch Brand Ring Bluetooth Calling with SpO2 & 1.7” Metal Body with Blood Oxygen Monitoring, Continuous Heart Rate, Full Touch & Multiple Watch Faces",SmartWatches,"2,499.00","9,999.00",75%,4.1,42139
B07NC12T2R,boAt,"boAt Stone 650 10W Bluetooth Speaker with Upto 7 Hours Playback, IPX5 and Integrated Controls (Blue)",Speakers,"1,799.00","4,990.00",64%,4.2,41226
B09BNXQ6BR,Noise,"Noise ColorFit Ultra SE Smart Watch with 1.75""(4.3cm) HD Display, Aluminium Alloy Body, 60 Sports Modes, Spo2, Lightweight, Stock Market Info, Calls & SMS Reply (Vintage Brown)",SmartWatches,"2,799.00","6,499.00",57%,4.1,38879
B094JB13XL,Noise,"Noise ColorFit Ultra Smart Watch with 1.75"" HD Display, Aluminium Alloy Body, 60 Sports Modes, Spo2, Lightweight, Stock Market Info, Calls & SMS Reply (Space Blue)",SmartWatches,"2,499.00","5,999.00",58%,4.1,38879
B08G28Z33M,realme,realme Buds Classic Wired in Ear Earphones with Mic (Black),WiredEarphones,399,699,43%,4,37817
B07GVR9TG7,TP-Link,"TP-Link Archer AC1200 Archer C6 Wi-Fi Speed Up to 867 Mbps/5 GHz + 400 Mbps/2.4 GHz, 5 Gigabit Ports, 4 External Antennas, MU-MIMO, Dual Band, WiFi Coverage with Access Point Mode, Black",Routers,"2,499.00","4,999.00",50%,4.4,35024
B09Q5P2MT3,OnePlus,OnePlus 108 cm (43 inches) Y Series Full HD Smart Android LED TV 43 Y1S (Black),Televisions,"24,999.00","31,999.00",22%,4.2,34899
B08B42LWKN,OnePlus,OnePlus 80 cm (32 inches) Y Series HD Ready LED Smart Android TV 32Y1 (Black),Televisions,"14,999.00","19,999.00",25%,4.2,34899
B09Q5SWVBJ,OnePlus,OnePlus 80 cm (32 inches) Y Series HD Ready Smart Android LED TV 32 Y1S (Black),Televisions,"15,999.00","21,999.00",27%,4.2,34899
B01M72LILF,Logitech,"Logitech M221 Wireless Mouse, Silent Buttons, 2.4 GHz with USB Mini Receiver, 1000 DPI Optical Tracking, 18-Month Battery Life, Ambidextrous PC / Mac / Laptop - Charcoal Grey",Mouse,799,"1,295.00",38%,4.4,34852
B077T3BG5L,Zebronics,Zebronics ZEB-KM2100 Multimedia USB Keyboard Comes with 114 Keys Including 12 Dedicated Multimedia Keys & with Rupee Key,Keyboards,329,399,18%,3.6,33735
B09T3H12GV,Dell,"Dell USB Wireless Keyboard and Mouse Set- KM3322W, Anti-Fade & Spill-Resistant Keys, up to 36 Month Battery Life, 3Y Advance Exchange Warranty, Black",Keyboard&MouseSets,"1,399.00","2,498.00",44%,4.2,33717
B0856HNMR7,boAt,"boAt Rockerz 370 On Ear Bluetooth Headphones with Upto 12 Hours Playtime, Cozy Padded Earcups and Bluetooth v5.0, with Mic (Buoyant Black)",HeadphonesOn-Ear,"1,199.00","2,499.00",52%,4,33584
B01HJI0FS2,Dell,"Dell MS116 1000Dpi USB Wired Optical Mouse, Led Tracking, Scrolling Wheel, Plug and Play.",Mouse,299,650,54%,4.5,33176
B08VB34KJ1,OPPO,"OPPO A74 5G (Fantastic Purple,6GB RAM,128GB Storage) with No Cost EMI/Additional Exchange Offers",Smartphones,"15,490.00","20,990.00",26%,4.2,32916
B08VB2CMR3,OPPO,"OPPO A74 5G (Fluid Black, 6GB RAM, 128GB Storage) with No Cost EMI/Additional Exchange Offers",Smartphones,"15,490.00","20,990.00",26%,4.2,32916
B0B6F98KJJ,MI,MI 100 cm (40 inches) 5A Series Full HD Smart Android LED TV with 24W Dolby Audio & Metal Bezel-Less Frame (Black) (2022 Model),Televisions,"21,999.00","29,999.00",27%,4.2,32840
B09HQSV46W,Mi,Mi 100 cm (40 inches) Horizon Edition Full HD Android LED TV 4A | L40M6-EI (Black),Televisions,"21,999.00","29,999.00",27%,4.2,32840
B0B6F8HHR6,MI,MI 108 cm (43 inches) 5A Series Full HD Smart Android LED TV L43M7-EAIN (Black),Televisions,"24,999.00","35,999.00",31%,4.2,32840
B0B6F7LX4C,MI,MI 80 cm (32 inches) 5A Series HD Ready Smart Android LED TV L32M7-5AIN (Black),Televisions,"13,999.00","24,999.00",44%,4.2,32840
B0B8CXTTG3,MI,MI 80 cm (32 inches) HD Ready Smart Android LED TV 5A Pro | L32M7-EAIN (Black),Televisions,"16,999.00","25,999.00",35%,4.2,32840
B09LJ116B5,Redmi,"Redmi Note 11T 5G (Aquamarine Blue, 6GB RAM, 128GB ROM)| Dimensity 810 5G | 33W Pro Fast Charging | Charger Included | Additional Exchange Offers| Get 2 Months of YouTube Premium Free!",Smartphones,"16,999.00","20,999.00",19%,4.1,31822
B09LHYZ3GJ,Redmi,"Redmi Note 11T 5G (Matte Black, 6GB RAM, 128GB ROM)| Dimensity 810 5G | 33W Pro Fast Charging | Charger Included | Additional Exchange Offers|Get 2 Months of YouTube Premium Free!",Smartphones,"16,999.00","20,999.00",19%,4.1,31822
B09LHZSMRR,Redmi,"Redmi Note 11T 5G (Stardust White, 6GB RAM, 128GB ROM)| Dimensity 810 5G | 33W Pro Fast Charging | Charger Included | Additional Exchange Offers|Get 2 Months of YouTube Premium Free!",Smartphones,"16,999.00","20,999.00",19%,4.1,31822
B01F25X6RQ,Samsung,Samsung Ehs64 Ehs64Avfwecinu Hands-Free Wired In Ear Earphones With Mic With Remote Note (White),WiredEarphones,499,499,0%,4.2,31539
B01F262EUU,Samsung,"Samsung Original EHS64 Wired in Ear Earphones with Mic, Black",WiredEarphones,949,999,5%,4.2,31539
B003L62T7W,Logitech,"Logitech B100 Wired USB Mouse, 3 yr Warranty, 800 DPI Optical Tracking, Ambidextrous PC/Mac/Laptop - Black",Mouse,279,375,26%,4.3,31534
B09RKFBCV7,Fire-Boltt,"Fire-Boltt Ninja Calling 1.69"" Bluetooth Calling Smart Watch, Dial Pad, Speaker, AI Voice Assistant with 450 NITS Peak Brightness, Wrist Gaming & 100+ Watch Faces with SpO2, HR, Multiple Sports Mode",SmartWatches,"1,999.00","7,999.00",75%,4.2,31305
B09FKDH6FS,realme,"realme narzo 50i (Mint Green, 2GB RAM+32GB Storage) Octa Core Processor | 6.5"" inch Large Display",Smartphones,"7,499.00","7,999.00",6%,4,30907
B07W6VWZ8C,Infinity,"Infinity (JBL Fuze Pint, Wireless Ultra Portable Mini Speaker with Mic, Deep Bass, Dual Equalizer, Bluetooth 5.0 with Voice Assistant Support for Mobiles (Black)",Speakers,899,"1,999.00",55%,4.1,30469
B09TBCVJS3,Amazfit,"Amazfit GTS2 Mini (New Version) Smart Watch with Always-on AMOLED Display, Alexa Built-in, SpO2, 14 Days' Battery Life, 68 Sports Modes, GPS, HR, Sleep & Stress Monitoring (Meteor Black)",SmartWatches,"5,998.00","7,999.00",25%,4.2,30355
B09PNKXSKF,Noise,"Noise ColorFit Pulse Grand Smart Watch with 1.69"" HD Display, 60 Sports Modes, 150 Watch Faces, Spo2 Monitoring, Call Notification, Quick Replies to Text & Calls (Rose Pink)",SmartWatches,"1,999.00","3,990.00",50%,4,30254
B09NVPJ3P4,Noise,"Noise ColorFit Pulse Grand Smart Watch with 1.69""(4.29cm) HD Display, 60 Sports Modes, 150 Watch Faces, Fast Charge, Spo2, Stress, Sleep, Heart Rate Monitoring & IP68 Waterproof (Electric Blue)",SmartWatches,"1,999.00","3,999.00",50%,4,30254
B09NVPSCQT,Noise,"Noise ColorFit Pulse Grand Smart Watch with 1.69""(4.29cm) HD Display, 60 Sports Modes, 150 Watch Faces, Fast Charge, Spo2, Stress, Sleep, Heart Rate Monitoring & IP68 Waterproof (Jet Black)",SmartWatches,"1,599.00","3,999.00",60%,4,30254
B09NVPSCQT,Noise,"Noise ColorFit Pulse Grand Smart Watch with 1.69""(4.29cm) HD Display, 60 Sports Modes, 150 Watch Faces, Fast Charge, Spo2, Stress, Sleep, Heart Rate Monitoring & IP68 Waterproof (Jet Black)",SmartWatches,"1,599.00","3,999.00",60%,4,30254
B09YV4MW2T,Fire-Boltt,"Fire-Boltt India's No 1 Smartwatch Brand Talk 2 Bluetooth Calling Smartwatch with Dual Button, Hands On Voice Assistance, 60 Sports Modes, in Built Mic & Speaker with IP68 Rating",SmartWatches,"2,199.00","9,999.00",78%,4.2,29478
B09YV3K34W,Fire-Boltt,"Fire-Boltt India's No 1 Smartwatch Brand Talk 2 Bluetooth Calling Smartwatch with Dual Button, Hands On Voice Assistance, 60 Sports Modes, in Built Mic & Speaker with IP68 Rating",SmartWatches,"2,199.00","9,999.00",78%,4.2,29472
B09YV4MW2T,Fire-Boltt,"Fire-Boltt India's No 1 Smartwatch Brand Talk 2 Bluetooth Calling Smartwatch with Dual Button, Hands On Voice Assistance, 60 Sports Modes, in Built Mic & Speaker with IP68 Rating",SmartWatches,"2,199.00","9,999.00",78%,4.2,29471
B00ZYLMQH0,Dell,Dell KB216 Wired Multimedia USB Keyboard with Super Quite Plunger Keys with Spill-Resistant – Black,Keyboards,549,"1,799.00",69%,4.3,28829
B08D11DZ2W,Boult,"Boult Audio AirBass PowerBuds with Inbuilt Powerbank, 120H Total Playtime, IPX7 Fully Waterproof, Lightning Boult Type-C Fast Charging, Low Latency Gaming, TWS Earbuds with Pro+ Calling Mic (Black)",Earbuds,"1,499.00","8,999.00",83%,3.7,28324
B08VB57558,Samsung,"Samsung Galaxy S20 FE 5G (Cloud Navy, 8GB RAM, 128GB Storage) with No Cost EMI & Additional Exchange Offers",Smartphones,"37,990.00","74,999.00",49%,4.2,27790
B0B3RRWSF6,Fire-Boltt,"Fire-Boltt Phoenix Smart Watch with Bluetooth Calling 1.3"",120+ Sports Modes, 240*240 PX High Res with SpO2, Heart Rate Monitoring & IP67 Rating",SmartWatches,"1,998.00","9,999.00",80%,4.3,27709
B0B3RS9DNF,Fire-Boltt,"Fire-Boltt Phoenix Smart Watch with Bluetooth Calling 1.3"",120+ Sports Modes, 240*240 PX High Res with SpO2, Heart Rate Monitoring & IP67 Rating",SmartWatches,"1,999.00","9,999.00",80%,4.3,27704
B0B3RRWSF6,Fire-Boltt,"Fire-Boltt Phoenix Smart Watch with Bluetooth Calling 1.3"",120+ Sports Modes, 240*240 PX High Res with SpO2, Heart Rate Monitoring & IP67 Rating",SmartWatches,"1,998.00","9,999.00",80%,4.3,27696
B0B3RSDSZ3,Fire-Boltt,"Fire-Boltt Phoenix Smart Watch with Bluetooth Calling 1.3"",120+ Sports Modes, 240*240 PX High Res with SpO2, Heart Rate Monitoring & IP67 Rating",SmartWatches,"1,999.00","9,999.00",80%,4.3,27696
B084872DQY,Mi,Mi 80 cm (32 inches) HD Ready Android Smart LED TV 4A PRO | L32M5-AL (Black),Televisions,"14,999.00","14,999.00",0%,4.3,27508
B07BRKK9JQ,Zebronics,"Zebronics Zeb-Transformer Gaming Keyboard and Mouse Combo (USB, Braided Cable)",Keyboard&MouseSets,"1,299.00","1,599.00",19%,4.3,27223
B09JPC82QC,Mi,Mi 108 cm (43 inches) Full HD Android LED TV 4C | L43M6-INC (Black),Televisions,"19,999.00","34,999.00",43%,4.3,27151
B0949SBKMP,boAt,"boAt Flash Edition Smart Watch with Activity Tracker, Multiple Sports Modes, 1.3"" Screen, 170+ Watch Faces, Sleep Monitor, Gesture, Camera & Music Control, IP68 & 7 Days Battery Life(Lightning Black)",SmartWatches,"1,799.00","6,990.00",74%,4,26880
B0949SBKMP,boAt,"boAt Flash Edition Smart Watch with Activity Tracker, Multiple Sports Modes, 1.3"" Screen, 170+ Watch Faces, Sleep Monitor, Gesture, Camera & Music Control, IP68 & 7 Days Battery Life(Lightning Black)",SmartWatches,"1,799.00","6,990.00",74%,4,26880
B08CFCK6CW,Boult,"Boult Audio Truebuds with 30H Playtime, IPX7 Waterproof, Lightning Boult™ Type C Fast Charging (10 Min=100Mins), BoomX™ Tech Rich Bass, Pro+ Calling HD Mic, Touch Controls in Ear Earbuds TWS (Grey)",Earbuds,"1,199.00","7,999.00",85%,3.6,25910
B073BRXPZX,Lenovo,"Lenovo 300 Wired Plug & Play USB Mouse, High Resolution 1600 DPI Optical Sensor, 3-Button Design with clickable Scroll Wheel, Ambidextrous, Ergonomic Mouse for Comfortable All-Day Grip (GX30M39704)",Mouse,289,590,51%,4.4,25886
B09T2WRLJJ,Redmi,"Redmi Note 11 Pro + 5G (Phantom White, 8GB RAM, 128GB Storage) | 67W Turbo Charge | 120Hz Super AMOLED Display | Additional Exchange Offers | Charger Included",Smartphones,"20,999.00","26,999.00",22%,3.9,25824
B09T39K9YL,Redmi,"Redmi Note 11 Pro + 5G (Stealth Black, 6GB RAM, 128GB Storage) | 67W Turbo Charge | 120Hz Super AMOLED Display | Additional Exchange Offers | Charger Included",Smartphones,"19,999.00","24,999.00",20%,3.9,25824
B09T2S8X9C,Redmi,"Redmi Note 11 Pro + 5G (Stealth Black, 8GB RAM, 256GB Storage) | 67W Turbo Charge | 120Hz Super AMOLED Display | Additional Exchange Offers | Charger Included",Smartphones,"22,999.00","28,999.00",21%,3.9,25824
B012MQS060,Logitech,"Logitech MK215 Wireless Keyboard and Mouse Combo for Windows, 2.4 GHz Wireless, Compact Design, 2-Year Battery Life(Keyboard),5 Month Battery Life(Mouse) PC/Laptop- Black",Keyboard&MouseSets,"1,295.00","1,795.00",28%,4.1,25771
B07W7Z6DVL,Infinity,"Infinity (JBL Fuze 100, Wireless Portable Bluetooth Speaker with Mic, Deep Bass, Dual Equalizer, IPX7 Waterproof, Rugged Fabric Design (Black)",Speakers,"1,499.00","2,999.00",50%,4.1,25262
B01KK0HU3Y,HP,HP Z3700 Wireless Optical Mouse with USB Receiver and 2.4GHz Wireless Connection/ 1200DPI / 16 Months Long Battery Life /Ambidextrous and Slim Design (Modern Gold),Mouse,899,"1,499.00",40%,4.2,23174
B09YV42QHZ,Fire-Boltt,"Fire-Boltt Ninja 3 Smartwatch Full Touch 1.69 "" & 60 Sports Modes with IP68, Sp02 Tracking, Over 100 Cloud based watch faces ( Green )",SmartWatches,"1,499.00","7,999.00",81%,4.2,22638
B09YV463SW,Fire-Boltt,"Fire-Boltt Ninja 3 Smartwatch Full Touch 1.69 "" & 60 Sports Modes with IP68, Sp02 Tracking, Over 100 Cloud based watch faces ( Silver )",SmartWatches,"1,499.00","9,999.00",85%,4.2,22638
B09YV4RG4D,Fire-Boltt,"Fire-Boltt Ninja 3 Smartwatch Full Touch 1.69 & 60 Sports Modes with IP68, Sp02 Tracking, Over 100 Cloud based watch faces - Black",SmartWatches,"1,499.00","7,999.00",81%,4.2,22638
B09YV4RG4D,Fire-Boltt,"Fire-Boltt Ninja 3 Smartwatch Full Touch 1.69 & 60 Sports Modes with IP68, Sp02 Tracking, Over 100 Cloud based watch faces - Black",SmartWatches,"1,499.00","7,999.00",81%,4.2,22636
B00MUTWLW4,Logitech,"Logitech K480 Wireless Multi-Device Keyboard for Windows, macOS, iPadOS, Android or Chrome OS, Bluetooth, Compact, Compatible with PC, Mac, Laptop, Smartphone, Tablet - Black",Keyboards,"2,595.00","3,295.00",21%,4.4,22618
B0085IATT6,D-Link,"D-Link DIR-615 Wi-fi Ethernet-N300 Single_band 300Mbps Router, Mobile App Support, Router | AP | Repeater | Client Modes(Black)",Routers,899,"1,800.00",50%,4.1,22375
B09TWH8YHM,Samsung,"Samsung Galaxy M33 5G (Emerald Brown, 6GB, 128GB Storage) | 6000mAh Battery | Upto 12GB RAM with RAM Plus | Travel Adapter to be Purchased Separately",Smartphones,"16,999.00","24,999.00",32%,4.1,22318
B0B14MR9L1,Samsung,"Samsung Galaxy M33 5G (Emerald Brown, 6GB, 128GB Storage) | 6000mAh Battery | Upto 12GB RAM with RAM Plus | Travel Adapter to be Purchased Separately",Smartphones,"16,999.00","24,999.00",32%,4.1,22318
B09TWHTBKQ,Samsung,"Samsung Galaxy M33 5G (Mystique Green, 8GB, 128GB Storage) | 6000mAh Battery | Upto 16GB RAM with RAM Plus | Travel Adapter to be Purchased Separately",Smartphones,"18,499.00","25,999.00",29%,4.1,22318
B09V12K8NT,boAt,"boAt Wave Lite Smartwatch with 1.69"" HD Display, Sleek Metal Body, HR & SpO2 Level Monitor, 140+ Watch Faces, Activity Tracker, Multiple Sports Modes, IP68 & 7 Days Battery Life(Active Black)",SmartWatches,"1,499.00","6,990.00",79%,3.9,21797
B09V175NP7,boAt,"boAt Wave Lite Smartwatch with 1.69 Inches(4.29cm) HD Display, Heart Rate & SpO2 Level Monitor, Multiple Watch Faces, Activity Tracker, Multiple Sports Modes & IP68 (Scarlet Red)",SmartWatches,"1,499.00","6,990.00",79%,3.9,21796
B09V17S2BG,boAt,"boAt Wave Lite Smartwatch with 1.69"" HD Display, Heart Rate & SpO2 Level Monitor, Multiple Watch Faces, Activity Tracker, Multiple Sports Modes & IP68 (Deep Blue)",SmartWatches,"1,499.00","6,990.00",79%,3.9,21796
B09V12K8NT,boAt,"boAt Wave Lite Smartwatch with 1.69"" HD Display, Sleek Metal Body, HR & SpO2 Level Monitor, 140+ Watch Faces, Activity Tracker, Multiple Sports Modes, IP68 & 7 Days Battery Life(Active Black)",SmartWatches,"1,499.00","6,990.00",79%,3.9,21796
B07T5DKR5D,ZEBRONICS,"ZEBRONICS Zeb-Bro in Ear Wired Earphones with Mic, 3.5mm Audio Jack, 10mm Drivers, Phone/Tablet Compatible(Black)",WiredEarphones,149,399,63%,3.5,21764
B08D9NDZ1Y,HP,"HP Deskjet 2331 Colour Printer, Scanner and Copier for Home/Small Office, Compact Size, Reliable, Easy Set-Up Through Smart App On Your Pc Connected Through USB, Ideal for Home.",Printers,"3,999.00","4,332.96",8%,3.5,21762
B07WGMMQGP,iQOO,"iQOO vivo Z6 5G (Chromatic Blue, 6GB RAM, 128GB Storage) | Snapdragon 695-6nm Processor | 120Hz FHD+ Display | 5000mAh Battery",Smartphones,"16,499.00","20,999.00",21%,4,21350
B07WHQBZLS,iQOO,"iQOO vivo Z6 5G (Chromatic Blue, 8GB RAM, 128GB Storage) | Snapdragon 695-6nm Processor | 120Hz FHD+ Display | 5000mAh Battery",Smartphones,"17,999.00","21,990.00",18%,4,21350
B07WJWRNVK,iQOO,"iQOO vivo Z6 5G (Dynamo Black, 6GB RAM, 128GB Storage) | Snapdragon 695-6nm Processor | 120Hz FHD+ Display | 5000mAh Battery",Smartphones,"16,499.00","20,990.00",21%,4,21350
B09MJ77786,MI,MI 108 cm (43 inches) 5X Series 4K Ultra HD LED Smart Android TV L43M6-ES (Grey),Televisions,"31,999.00","49,999.00",36%,4.3,21252
B09RWQ7YR6,MI,MI 138.8 cm (55 inches) 5X Series 4K Ultra HD LED Smart Android TV L55M6-ES (Grey),Televisions,"46,999.00","69,999.00",33%,4.3,21252
B0B3MWYCHQ,Fire-Boltt,"Fire-Boltt Ring 3 Smart Watch 1.8 Biggest Display with Advanced Bluetooth Calling Chip, Voice Assistance,118 Sports Modes, in Built Calculator & Games, SpO2, Heart Rate Monitoring",SmartWatches,"2,999.00","9,999.00",70%,4.2,20881
B0B3MWYCHQ,Fire-Boltt,"Fire-Boltt Ring 3 Smart Watch 1.8 Biggest Display with Advanced Bluetooth Calling Chip, Voice Assistance,118 Sports Modes, in Built Calculator & Games, SpO2, Heart Rate Monitoring",SmartWatches,"2,999.00","9,999.00",70%,4.2,20879
B008QS9J6Y,Logitech,"Logitech C270 Digital HD Webcam with Widescreen HD Video Calling, HD Light Correction, Noise-Reducing Mic, for Skype, FaceTime, Hangouts, WebEx, PC/Mac/Laptop/MacBook/Tablet - (Black, HD 720p/30fps)",Cameras,"1,990.00","2,595.00",23%,4.3,20398
B017NC2IPM,RESONATE,"RESONATE RouterUPS CRU12V2A | Zero Drop | UPS for WiFi Router | Mini UPS | Up to 4 Hours PowerBackup | Battery Replacement Program | Router UPS Compatible with 12V <2A Routers, FTTH, Modem, Set Top Box, Alexa, Mini Camera",Routers,"1,799.00","2,911.00",38%,4.3,20342
B07WDKLDRX,iQOO,"iQOO Neo 6 5G (Dark Nova, 8GB RAM, 128GB Storage) | Snapdragon® 870 5G | 80W FlashCharge",Smartphones,"28,999.00","34,999.00",17%,4.4,20311
B07WGPKMP5,iQOO,"iQOO Z6 44W by vivo (Raven Black, 6GB RAM, 128GB Storage) | 6.44"" FHD+ AMOLED Display | 50% Charge in just 27 mins | in-Display Fingerprint Scanning",Smartphones,"15,499.00","20,999.00",26%,4.1,19253
B07WDKLRM4,iQOO,"iQOO Z6 44W by vivo (Lumina Blue, 4GB RAM, 128GB Storage) | 6.44"" FHD+ AMOLED Display | 50% Charge in just 27 mins | in-Display Fingerprint Scanning",Smartphones,"13,999.00","19,999.00",30%,4.1,19252
B07WHQWXL7,iQOO,"iQOO Z6 44W by vivo (Lumina Blue, 6GB RAM, 128GB Storage) | 6.44"" FHD+ AMOLED Display | 50% Charge in just 27 mins | in-Display Fingerprint Scanning",Smartphones,"15,499.00","20,999.00",26%,4.1,19252
B07WGPKTS4,iQOO,"iQOO Z6 44W by vivo (Raven Black, 4GB RAM, 128GB Storage) | 6.44"" FHD+ AMOLED Display | 50% Charge in just 27 mins | in-Display Fingerprint Scanning",Smartphones,"13,999.00","19,999.00",30%,4.1,19252
B07WDK3ZS6,iQOO,"iQOO Z6 Lite 5G by vivo (Mystic Night, 6GB RAM, 128GB Storage) | World's First Snapdragon 4 Gen 1 | 120Hz Refresh Rate | 5000mAh Battery | Travel Adapter to be Purchased Separately",Smartphones,"15,499.00","18,999.00",18%,4.1,19252
B07WJV6P1R,iQOO,"iQOO Z6 Lite 5G by vivo (Stellar Green, 6GB RAM, 128GB Storage) | World's First Snapdragon 4 Gen 1 | 120Hz Refresh Rate | 5000mAh Battery | Travel Adapter to be Purchased Separately",Smartphones,"15,499.00","18,999.00",18%,4.1,19252
B0B4F2TTTS,Samsung,"Samsung Galaxy M13 (Aqua Green, 4GB, 64GB Storage) | 6000mAh Battery | Upto 8GB RAM with RAM Plus",Smartphones,"10,999.00","14,999.00",27%,4.1,18998
B0B4F2XCK3,Samsung,"Samsung Galaxy M13 (Aqua Green, 6GB, 128GB Storage) | 6000mAh Battery | Upto 12GB RAM with RAM Plus",Smartphones,"12,999.00","17,999.00",28%,4.1,18998
B0B4F52B5X,Samsung,"Samsung Galaxy M13 (Midnight Blue, 4GB, 64GB Storage) | 6000mAh Battery | Upto 8GB RAM with RAM Plus",Smartphones,"10,999.00","14,999.00",27%,4.1,18998
B0B4F2ZWL3,Samsung,"Samsung Galaxy M13 (Stardust Brown, 6GB, 128GB Storage) | 6000mAh Battery | Upto 12GB RAM with RAM Plus",Smartphones,"12,999.00","17,999.00",28%,4.1,18998
B0B4F3QNDM,Samsung,"Samsung Galaxy M13 5G (Aqua Green, 6GB, 128GB Storage) | 5000mAh Battery | Upto 12GB RAM with RAM Plus",Smartphones,"13,999.00","19,499.00",28%,4.1,18998
B0B4F5L738,Samsung,"Samsung Galaxy M13 5G (Aqua Green, 6GB, 128GB Storage) | 5000mAh Battery | Upto 12GB RAM with RAM Plus",Smartphones,"13,999.00","19,499.00",28%,4.1,18998
B0B4F1YC3J,Samsung,"Samsung Galaxy M13 5G (Aqua Green, 6GB, 128GB Storage) | 5000mAh Battery | Upto 12GB RAM with RAM Plus",Smartphones,"13,999.00","19,499.00",28%,4.1,18998
B0B4F4QZ1H,Samsung,"Samsung Galaxy M13 5G (Stardust Brown, 6GB, 128GB Storage) | 5000mAh Battery | Upto 12GB RAM with RAM Plus",Smartphones,"13,999.00","19,499.00",28%,4.1,18998
B08JMC1988,boAt,"boAt Stone 180 5W Bluetooth Speaker with Upto 10 Hours Playback, 1.75"" Driver, IPX7 & TWS Feature(Black)",Speakers,999,"2,490.00",60%,4.1,18331
B08D75R3Z1,PTron,"PTron Boom Ultima 4D Dual Driver, in-Ear Gaming Wired Headphones with in-line Mic, Volume Control & Passive Noise Cancelling Boom 3 Earphones - (Dark Blue)",WiredEarphones,299,"1,900.00",84%,3.6,18202
B0819HZPXL,Zebronics,Zebronics Zeb-Transformer-M Optical USB Gaming Mouse with LED Effect(Black),Mouse,399,549,27%,4.4,18139
B0B5B6PQCT,boAt,"boAt Wave Call Smart Watch, Smart Talk with Advanced Dedicated Bluetooth Calling Chip, 1.69” HD Display with 550 NITS & 70% Color Gamut, 150+ Watch Faces, Multi-Sport Modes,HR,SpO2, IP68(Active Black)",SmartWatches,"1,799.00","7,990.00",77%,3.8,17833
B0B5CGTBKV,boAt,"boAt Wave Call Smart Watch, Smart Talk with Advanced Dedicated Bluetooth Calling Chip, 1.69” HD Display with 550 NITS & 70% Color Gamut, 150+ Watch Faces, Multi-Sport Modes,HR,SpO2(Caribbean Green)",SmartWatches,"1,999.00","7,990.00",75%,3.8,17833
B0B5D39BCD,boAt,"boAt Wave Call Smart Watch, Smart Talk with Advanced Dedicated Bluetooth Calling Chip, 1.69” HD Display with 550 NITS & 70% Color Gamut, 150+ Watch Faces, Multi-Sport Modes, HR, SpO2, IP68(Deep Blue)",SmartWatches,"1,999.00","7,990.00",75%,3.8,17831
B0B5DDJNH4,boAt,"boAt Wave Call Smart Watch, Smart Talk with Advanced Dedicated Bluetooth Calling Chip, 1.69” HD Display with 550 NITS & 70% Color Gamut, 150+ Watch Faces, Multi-Sport Modes, HR, SpO2, IP68(Mauve)",SmartWatches,"1,999.00","7,990.00",75%,3.8,17831
B0B5B6PQCT,boAt,"boAt Wave Call Smart Watch, Smart Talk with Advanced Dedicated Bluetooth Calling Chip, 1.69” HD Display with 550 NITS & 70% Color Gamut, 150+ Watch Faces, Multi-Sport Modes,HR,SpO2, IP68(Active Black)",SmartWatches,"1,999.00","7,990.00",75%,3.8,17831
B0B3CQBRB4,OnePlus,"OnePlus Nord 2T 5G (Gray Shadow, 8GB RAM, 128GB Storage)",Smartphones,"28,999.00","28,999.00",0%,4.3,17415
B0B3D39RKV,OnePlus,"OnePlus Nord 2T 5G (Jade Fog, 12GB RAM, 256GB Storage)",Smartphones,"33,999.00","33,999.00",0%,4.3,17415
B0B3CPQ5PF,OnePlus,"OnePlus Nord 2T 5G (Jade Fog, 8GB RAM, 128GB Storage)",Smartphones,"28,999.00","28,999.00",0%,4.3,17415
B00CEQEGPI,Logitech,"Logitech MK270r USB Wireless Keyboard and Mouse Set for Windows, 2.4 GHz Wireless, Spill-resistant Design, 8 Multimedia & Shortcut Keys, 2-Year Battery Life, PC/Laptop- Black",Keyboard&MouseSets,"1,345.00","2,295.00",41%,4.2,17413
B07KR5P3YD,Zebronics,Zebronics Wired Keyboard and Mouse Combo with 104 Keys and a USB Mouse with 1200 DPI - JUDWAA 750,Keyboard&MouseSets,448,699,36%,3.9,17348
B0B3N7LR6K,Fire-Boltt,"Fire-Boltt Visionary 1.78"" AMOLED Bluetooth Calling Smartwatch with 368*448 Pixel Resolution 100+ Sports Mode, TWS Connection, Voice Assistance, SPO2 & Heart Rate Monitoring",SmartWatches,"3,999.00","16,999.00",76%,4.3,17162
B0B3NDPCS9,Fire-Boltt,"Fire-Boltt Visionary 1.78"" AMOLED Bluetooth Calling Smartwatch with 368*448 Pixel Resolution 100+ Sports Mode, TWS Connection, Voice Assistance, SPO2 & Heart Rate Monitoring",SmartWatches,"3,999.00","17,999.00",78%,4.3,17161
B0B3N7LR6K,Fire-Boltt,"Fire-Boltt Visionary 1.78"" AMOLED Bluetooth Calling Smartwatch with 368*448 Pixel Resolution 100+ Sports Mode, TWS Connection, Voice Assistance, SPO2 & Heart Rate Monitoring",SmartWatches,"3,999.00","16,999.00",76%,4.3,17159
B09F6S8BT6,Samsung,Samsung 80 cm (32 Inches) Wondertainment Series HD Ready LED Smart TV UA32T4340BKXXL (Glossy Black),Televisions,"13,490.00","22,900.00",41%,4.3,16299
B09F6S8BT6,Samsung,Samsung 80 cm (32 Inches) Wondertainment Series HD Ready LED Smart TV UA32T4340BKXXL (Glossy Black),Televisions,"13,490.00","22,900.00",41%,4.3,16299
B08PV1X771,Samsung,Samsung 80 cm (32 inches) Wondertainment Series HD Ready LED Smart TV UA32TE40AAKBXL (Titan Gray),Televisions,"15,490.00","20,900.00",26%,4.3,16299
B0148NPH9I,Logitech,"Logitech K380 Wireless Multi-Device Keyboard for Windows, Apple iOS, Apple TV Android or Chrome, Bluetooth, Compact Space-Saving Design, PC/Mac/Laptop/Smartphone/Tablet (Dark Grey)",Keyboards,"2,640.00","3,195.00",17%,4.5,16146
B08CHZ3ZQ7,Redgear,"Redgear A-15 Wired Gaming Mouse with Upto 6400 DPI, RGB & Driver Customization for PC(Black)",Mouse,599,799,25%,4.3,15790
B087FXHB6J,Zebronics,Zebronics Zeb-Companion 107 USB Wireless Keyboard and Mouse Set with Nano Receiver (Black),Keyboard&MouseSets,699,999,30%,3.5,15295
B08SCCG9D4,JBL,"JBL Commercial CSLM20B Auxiliary Omnidirectional Lavalier Microphone with Battery for Content Creation, Voiceover/Dubbing, Recording (Black,Small)",PCMicrophones,949,"2,000.00",53%,3.9,14969
B09NR6G588,Boult,"Boult Audio ZCharge Bluetooth Wireless in Ear Earphones with Mic, 40H Playtime and Super Fast Charging, Environmental Noise Cancellation for Pro+ Calling and IPX5 Water Resistant (Black)",Earbuds,"1,199.00","4,999.00",76%,3.8,14961
B098R25TGC,Noise,Noise Buds VS201 V2 in-Ear Truly Wireless Earbuds with Dual Equalizer | with Mic | Total 14-Hour Playtime | Full Touch Control | IPX5 Water Resistance and Bluetooth v5.1 (Olive Green),Earbuds,"1,299.00","2,999.00",57%,3.8,14629
B08H21B6V7,Nokia,Nokia 150 (2020) (Cyan),BasicMobiles,"2,599.00","2,999.00",13%,3.9,14266
B079S811J3,Redgear,"Redgear Cosmo 7,1 Usb Gaming Wired Over Ear Headphones With Mic With Virtual Surround Sound,50Mm Driver, Rgb Leds & Remote Control(Black)",PCHeadsets,"1,990.00","2,999.00",34%,4.3,14237
B0BF57RN3K,Fire-Boltt,"Fire-Boltt Ninja Call Pro Plus 1.83"" Smart Watch with Bluetooth Calling, AI Voice Assistance, 100 Sports Modes IP67 Rating, 240*280 Pixel High Resolution",SmartWatches,"1,799.00","19,999.00",91%,4.2,13937
B0BF54972T,Fire-Boltt,"Fire-Boltt Ninja Call Pro Plus 1.83"" Smart Watch with Bluetooth Calling, AI Voice Assistance, 100 Sports Modes IP67 Rating, 240*280 Pixel High Resolution",SmartWatches,"1,799.00","19,999.00",91%,4.2,13937
B0BF563HB4,Fire-Boltt,"Fire-Boltt Ninja Call Pro Plus 1.83"" Smart Watch with Bluetooth Calling, AI Voice Assistance, 100 Sports Modes IP67 Rating, 240*280 Pixel High Resolution",SmartWatches,"1,799.00","19,999.00",91%,4.2,13937
B0BF4YBLPX,Fire-Boltt,"Fire-Boltt Ninja Call Pro Plus 1.83"" Smart Watch with Bluetooth Calling, AI Voice Assistance, 100 Sports Modes IP67 Rating, 240*280 Pixel High Resolution",SmartWatches,"1,799.00","19,999.00",91%,4.2,13937
B0BF54LXW6,Fire-Boltt,"Fire-Boltt Ninja Call Pro Plus 1.83"" Smart Watch with Bluetooth Calling, AI Voice Assistance, 100 Sports Modes IP67 Rating, 240*280 Pixel High Resolution",SmartWatches,"1,799.00","19,999.00",91%,4.2,13937
B00Y4ORQ46,Logitech,Logitech H111 Wired On Ear Headphones With Mic Black,HeadphonesOn-Ear,745,795,6%,4,13797
B078HRR1XV,Wacom,Wacom One by CTL-472/K0-CX Digital Drawing Graphics Pen Tablet (Red & Black) Small (6-inch x 3.5-inch)(15x8cm) | Battery Free Cordless Pen with 2048 Pressure Level,GraphicTablets,"3,303.00","4,699.00",30%,4.4,13544
B09RMQYHLH,realme,"realme narzo 50 (Speed Blue, 4GB RAM+64GB Storage) Helio G96 Processor | 50MP AI Triple Camera | 120Hz Ultra Smooth Display",Smartphones,"12,999.00","15,999.00",19%,4.2,13246
B07T9FV9YP,Redgear,Redgear Cloak Wired RGB Wired Over Ear Gaming Headphones with Mic for PC,PCHeadsets,749,"1,799.00",58%,4,13199
B08FY4FG5X,Boult,"Boult Audio Bass Buds Q2 Lightweight Stereo Wired Over Ear Headphones Set with Mic with Deep Bass, Comfortable Ear Cushions, & Long Cord (Black)",HeadphonesOn-Ear,649,"2,499.00",74%,3.9,13049
B09ND94ZRG,Boult,"Boult Audio Airbass Propods X TWS Bluetooth Truly Wireless in Ear Earbuds with Mic, 32H Playtime, Fast Charging Type-C, Ipx5 Water Resistant, Touch Controls and Voice Assistant (Red)",Earbuds,"1,099.00","5,999.00",82%,3.5,12966
B09XB8GFBQ,Redmi,"Redmi 10A (Charcoal Black, 4GB RAM, 64GB Storage) | 2 Ghz Octa Core Helio G25 | 5000 mAh Battery | Finger Print Sensor | Upto 5GB RAM with RAM Booster",Smartphones,"8,999.00","11,999.00",25%,4,12796
B09XB7DPW1,Redmi,"Redmi 10A (Sea Blue, 4GB RAM, 64GB Storage) | 2 Ghz Octa Core Helio G25 | 5000 mAh Battery | Finger Print Sensor | Upto 5GB RAM with RAM Booster",Smartphones,"8,999.00","11,999.00",25%,4,12796
B09XB7SRQ5,Redmi,"Redmi 10A (Slate Grey, 4GB RAM, 64GB Storage) | 2 Ghz Octa Core Helio G25 | 5000 mAh Battery | Finger Print Sensor | Upto 5GB RAM with RAM Booster",Smartphones,"8,999.00","11,999.00",25%,4,12796
B07W9KYT62,TP-Link,"TP-Link AC1200 Archer A6 Smart WiFi, 5GHz Gigabit Dual Band MU-MIMO Wireless Internet Router, Long Range Coverage by 4 Antennas, Qualcomm Chipset",Routers,"2,499.00","3,999.00",38%,4.4,12679
B09Y5MP7C4,Noise,"Noise Buds Vs104 Bluetooth Truly Wireless in Ear Earbuds with Mic, 30-Hours of Playtime, Instacharge, 13Mm Driver and Hyper Sync (Charcoal Black)",Earbuds,"1,299.00","3,499.00",63%,3.9,12452
B01MQ2A86A,Logitech,"Logitech M331 Silent Plus Wireless Mouse, 2.4GHz with USB Nano Receiver, 1000 DPI Optical Tracking, 3 Buttons, 24 Month Life Battery, PC/Mac/Laptop - Black",Mouse,"1,295.00","1,645.00",21%,4.6,12375
B01EJ5MM5M,Canon,Canon PIXMA MG2577s All-in-One Inkjet Colour Printer with 1 Additional Colour Cartridge,Printers,"3,498.00","3,875.00",10%,3.4,12185
B08DPLCM6T,LG,LG 80 cm (32 inches) HD Ready Smart LED TV 32LM563BPTC (Dark Iron Gray),Televisions,"13,490.00","21,990.00",39%,4.3,11976
B08DPLCM6T,LG,LG 80 cm (32 inches) HD Ready Smart LED TV 32LM563BPTC (Dark Iron Gray),Televisions,"13,490.00","21,990.00",39%,4.3,11976
B08YDFX7Y1,ZEBRONICS,"ZEBRONICS Zeb-Dash Plus 2.4GHz High Precision Wireless Mouse with up to 1600 DPI, Power Saving Mode, Nano Receiver and Plug & Play Usage - USB",Mouse,299,449,33%,3.5,11827
B08HLZ28QC,Oakter,Oakter Mini UPS for 12V WiFi Router Broadband Modem | Backup Upto 4 Hours | WiFi Router UPS Power Backup During Power Cuts | UPS for 12V Router Broadband Modem | Current Surge & Deep Discharge Protection,Routers,"1,199.00","3,490.00",66%,4.1,11716
B09MKG4ZCM,Xiaomi,"Xiaomi Mi 4A Dual_Band Ethernet 1200Mbps Speed Router| 2.4GHz & 5GHz Frequency|128MB RAM | DualCore 4 Thread CPU|4 Omni Directional Antenna|Mi Wi-Fi app-Parental Control & Anti Hacking|Repeater, White",Routers,"1,565.00","2,999.00",48%,4,11113
B09WRMNJ9G,OnePlus,"OnePlus 10R 5G (Forest Green, 8GB RAM, 128GB Storage, 80W SuperVOOC)",Smartphones,"34,999.00","38,999.00",10%,4.2,11029
B09PL79D2X,boAt,"boAt Airdopes 181 in-Ear True Wireless Earbuds with ENx  Tech, Beast  Mode(Low Latency Upto 60ms) for Gaming, with Mic, ASAP  Charge, 20H Playtime, Bluetooth v5.2, IPX4 & IWP (Cool Grey)",Earbuds,"1,598.00","2,990.00",47%,3.8,11015
B09P22HXH6,Lenovo,"Lenovo 300 FHD Webcam with Full Stereo Dual Built-in mics | FHD 1080P 2.1 Megapixel CMOS Camera |Privacy Shutter | Ultra-Wide 95 Lens | 360 Rotation | Flexible Mount, Plug-n-Play | Cloud Grey",Cameras,"1,890.00","5,490.00",66%,4.1,10976
B00NFD0ETQ,Logitech,"Logitech G402 Hyperion Fury USB Wired Gaming Mouse, 4,000 DPI, Lightweight, 8 Programmable Buttons, Compatible for PC/Mac - Black",Mouse,"1,995.00","2,895.00",31%,4.6,10760
B0814ZY6FP,Zebronics,"Zebronics ZEB-VITA Wireless Bluetooth 10W Portable Bar Speaker With Supporting USB, SD Card, AUX, FM, TWS & Call Function",Speakers,899,"1,199.00",25%,3.8,10751
B08FGNPQ9X,Zinq,"Zinq UPS for Router, Mini UPS for 12V WiFi Router Broadband Modem with Upto 4 Hours Power Backup, Upto 2Amp, Works with Existing Adapter, Also Works with Set-top Box, Smart Camera, CCTV (Black)",Routers,"1,199.00","2,999.00",60%,4.1,10725
B0B5LVS732,Noise,"Noise Pulse Go Buzz Smart Watch Bluetooth Calling with 1.69"" Display, 550 NITS, 150+ Cloud Watch Face, SPo2, Heart Rate Tracking, 100 Sports Mode with Auto Detection, Longer Battery (Jet Black)",SmartWatches,"1,898.00","4,999.00",62%,4.1,10689
B0B5LVS732,Noise,"Noise Pulse Go Buzz Smart Watch Bluetooth Calling with 1.69"" Display, 550 NITS, 150+ Cloud Watch Face, SPo2, Heart Rate Tracking, 100 Sports Mode with Auto Detection, Longer Battery (Jet Black)",SmartWatches,"1,999.00","4,999.00",60%,4.1,10689
B07X2L5Z8C,Logitech,"Logitech Pebble M350 Wireless Mouse with Bluetooth or USB - Silent, Slim Computer Mouse with Quiet Click for Laptop, Notebook, PC and Mac - Graphite",Mouse,"1,490.00","2,295.00",35%,4.6,10652
B08LT9BMPP,Logitech,"Logitech G102 USB Light Sync Gaming Mouse with Customizable RGB Lighting, 6 Programmable Buttons, Gaming Grade Sensor, 8K DPI Tracking, 16.8mn Color, Light Weight - Black",Mouse,"1,495.00","1,995.00",25%,4.5,10541
B0BHYJ8CVF,Portronics,"Portronics Key2 Combo Multimedia USB Wireless Keyboard and Mouse Set with 2.4 GHz Wireless Technology, Soft & Silent Button, Compact Size (Grey)",Keyboard&MouseSets,"1,149.00","1,499.00",23%,4.1,10443
B0B2X35B1K,Noise,"Noise ColorFit Ultra 2 Buzz 1.78"" AMOLED Bluetooth Calling Watch with 368*448px Always On Display, Premium Metallic Finish, 100+ Watch Faces, 100+ Sports Modes, Health Suite (Jet Black)",SmartWatches,"3,999.00","6,999.00",43%,4.1,10229
B07PLHTTB4,Zodo,Zodo 8. 5 inch LCD E-Writer Electronic Writing Pad/Tablet Drawing Board (Paperless Memo Digital Tablet),GraphicTablets,100,499,80%,3.5,9638
B0B31BYXQQ,Boult,"Boult Audio Airbass Z20 True Wireless, 40H Battery Life, Zen ENC Mic, Type-C Lightning Boult Fast Charging (10Mins=100Mins), BoomX Tech Bass, ENC, IPX5 in Ear Earbuds with mic (Green)",Earbuds,"1,399.00","5,499.00",75%,3.9,9504
B07WFPMGQQ,iQOO,"iQOO Z6 Pro 5G by vivo (Legion Sky, 6GB RAM, 128GB Storage) | Snapdragon 778G 5G | 66W FlashCharge | 1300 nits Peak Brightness | HDR10+",Smartphones,"19,999.00","27,990.00",29%,4.3,9499
B07WDK3ZS2,iQOO,"iQOO Z6 Pro 5G by vivo (Legion Sky, 8GB RAM, 128GB Storage) | Snapdragon 778G 5G | 66W FlashCharge | 1300 nits Peak Brightness | HDR10+",Smartphones,"20,999.00","29,990.00",30%,4.3,9499
B07WHSJXLF,iQOO,"iQOO Z6 Pro 5G by vivo (Phantom Dusk, 8GB RAM, 128GB Storage) | Snapdragon 778G 5G | 66W FlashCharge | 1300 nits Peak Brightness | HDR10+",Smartphones,"20,999.00","29,990.00",30%,4.3,9499
B09JS94MBV,Motorola,"Motorola a10 Dual Sim keypad Mobile with 1750 mAh Battery, Expandable Storage Upto 32GB, Wireless FM with Recording - Dark Blue",BasicMobiles,"1,399.00","1,630.00",14%,4,9378
B09JS562TP,Motorola,"Motorola a10 Dual Sim keypad Mobile with 1750 mAh Battery, Expandable Storage Upto 32GB, Wireless FM with Recording - Rose Gold",BasicMobiles,"1,399.00","1,630.00",14%,4,9378
B07JPX9CR7,Dell,"Dell WM118 Wireless Mouse, 2.4 Ghz with USB Nano Receiver, Optical Tracking, 12-Months Battery Life, Ambidextrous, Pc/Mac/Laptop - Black.",Mouse,569,"1,299.00",56%,4.4,9275
B09GFWJDY1,ZEBRONICS,"ZEBRONICS Zeb-Evolve Wireless in Ear Neckband Earphone with Supporting Bluetooth v5.0, Voice Assistant, Rapid Charge, Call Function & Magnetic Earpiece, with mic (Metallic Blue)",neckband,499,"1,499.00",67%,3.6,9169
B09YV575RK,Fire-Boltt,"Fire-Boltt Ring Pro Bluetooth Calling, 1.75” 320*385px High Res, IP68 & SpO2 Monitoring, Pin Code Locking Functionality & Split Screen Access, Built in Mic & Speaker for HD Calls, Black, Free Size",SmartWatches,"2,499.00","9,999.00",75%,4,9090
B09XJ5LD6L,Samsung,"Samsung Galaxy M53 5G (Deep Ocean Blue, 6GB, 128GB Storage) | 108MP | sAmoled+ 120Hz | 12GB RAM with RAM Plus | Travel Adapter to be Purchased Separately",Smartphones,"23,999.00","32,999.00",27%,3.9,8866
B07ZKD8T1Q,Cuzor,Cuzor 12V Mini ups for WiFi Router | Power Backup up to 4 Hours | Replaceable Battery | Ups for Wi-Fi Router and Modem | Ups for Router up to 2A | ups for uninterrupted wi-fi,Routers,"1,499.00","2,999.00",50%,4.5,8656
B08D64C9FN,Ant,Ant Esports GM320 RGB Optical Wired Gaming Mouse | 8 Programmable Buttons | 12800 DPI,Mouse,575,"2,799.00",79%,4.2,8537
B07WHS7MZ1,iQOO,"iQOO 9 SE 5G (Sunset Sierra, 8GB RAM, 128GB Storage) | Qualcomm Snapdragon 888 | 66W Flash Charge",Smartphones,"29,990.00","39,990.00",25%,4.3,8399
B01JOFKL0A,Canon,Canon PIXMA E477 All-in-One Wireless Ink Efficient Colour Printer (White/Blue),Printers,"5,299.00","6,355.00",17%,3.9,8280
B083RCTXLL,HP,"HP X200 Wireless Mouse with 2.4 GHz Wireless connectivity, Adjustable DPI up to 1600, ambidextrous Design, and 18-Month Long Battery Life. 3-Years Warranty (6VY95AA)",Mouse,681,"1,199.00",43%,4.2,8258
B0BBN56J5H,Redmi,"Redmi A1 (Black, 2GB RAM, 32GB Storage) | Segment Best AI Dual Cam | 5000mAh Battery | Leather Texture Design | Android 12",Smartphones,"6,499.00","8,999.00",28%,4,7807
B0BBN4DZBD,Redmi,"Redmi A1 (Light Blue, 2GB RAM, 32GB Storage) | Segment Best AI Dual Cam | 5000mAh Battery | Leather Texture Design | Android 12",Smartphones,"6,499.00","8,999.00",28%,4,7807
B0BBN3WF7V,Redmi,"Redmi A1 (Light Green, 2GB RAM 32GB ROM) | Segment Best AI Dual Cam | 5000mAh Battery | Leather Texture Design | Android 12",Smartphones,"6,499.00","8,999.00",28%,4,7807
B09P18XVW6,Noise,"Noise Pulse Buzz 1.69"" Bluetooth Calling Smart Watch with Call Function, 150 Watch Faces, 60 Sports Modes, Spo2 & Heart Rate Monitoring, Calling Smart Watch for Men & Women - Jet Black",SmartWatches,"2,499.00","4,999.00",50%,3.9,7571
B09PLFJ7ZW,Noise,"Noise Pulse Buzz 1.69"" Bluetooth Calling Smart Watch with Call Function, 150 Watch Faces, 60 Sports Modes, Spo2 & Heart Rate Monitoring, Calling Smart Watch for Men & Women - Rose Pink",SmartWatches,"1,999.00","4,999.00",60%,3.9,7571
B09CTRPSJR,Storio,"Storio Kids Toys LCD Writing Tablet 8.5Inch E-Note Pad Best Birthday Gift for Girls Boys, Multicolor (SC1667)",GraphicTablets,217,237,8%,3.8,7354
B08K9PX15C,Zebronics,Zebronics Zeb Wonderbar 10 USB Powered 2.0 Computer Speaker with RGB Lights,PCSpeakers,849,"1,499.00",43%,4,7352
B09VCHLSJF,OnePlus,OnePlus 108 cm (43 inches) Y Series 4K Ultra HD Smart Android LED TV 43Y1S Pro (Black),Televisions,"29,999.00","39,999.00",25%,4.2,7298
B0B3MMYHYW,OnePlus,OnePlus 126 cm (50 inches) Y Series 4K Ultra HD Smart Android LED TV 50Y1S Pro (Black),Televisions,"32,999.00","45,999.00",28%,4.2,7298
B01N4EV2TL,Logitech,"Logitech MK240 Nano Wireless USB Keyboard and Mouse Set, 12 Function Keys 2.4GHz Wireless, 1000DPI, Spill-Resistant Design, PC/Mac, Black/Chartreuse Yellow",Keyboard&MouseSets,"1,495.00","1,995.00",25%,4.3,7241
B009LJ2BXA,Hp,"Hp Wired On Ear Headphones With Mic With 3.5 Mm Drivers, In-Built Noise Cancelling, Foldable And Adjustable For Laptop/Pc/Office/Home/ 1 Year Warranty (B4B09Pa)",PCHeadsets,649,999,35%,3.5,7222
B0B6BLTGTT,Noise,"Noise Pulse 2 Max Advanced Bluetooth Calling Smart Watch with 1.85'' TFT and 550 Nits Brightness, Smart DND, 10 Days Battery, 100 Sports Mode, Smartwatch for Men and Women - (Jet Black)",SmartWatches,"2,999.00","5,999.00",50%,4.1,7148
B07V82W5CN,HP,"HP USB Wireless Spill Resistance Keyboard and Mouse Set with 10m Working Range 2.4G Wireless Technology / 3 Years Warranty (4SC12PA), Black",Keyboard&MouseSets,"1,349.00","2,198.00",39%,4,7113
B0B15CPR37,Samsung,Samsung 108 cm (43 inches) Crystal 4K Neo Series Ultra HD Smart LED TV UA43AUE65AKXXL (Black),Televisions,"32,990.00","47,900.00",31%,4.3,7109
B092BJMT8Q,Samsung,Samsung 108 cm (43 inches) Crystal 4K Series Ultra HD Smart LED TV UA43AUE60AKLXL (Black),Televisions,"30,990.00","52,900.00",41%,4.3,7109
B0B15GSPQW,Samsung,Samsung 138 cm (55 inches) Crystal 4K Neo Series Ultra HD Smart LED TV UA55AUE65AKXXL (Black),Televisions,"47,990.00","70,900.00",32%,4.3,7109
B092BL5DCX,Samsung,Samsung 138 cm (55 inches) Crystal 4K Series Ultra HD Smart LED TV UA55AUE60AKLXL (Black),Televisions,"45,999.00","69,900.00",34%,4.3,7109
B095JQVC7N,OnePlus,OnePlus 138.7 cm (55 inches) U Series 4K LED Smart Android TV 55U1S (Black),Televisions,"42,999.00","59,999.00",28%,4.1,6753
B095JPKPH3,OnePlus,OnePlus 163.8 cm (65 inches) U Series 4K LED Smart Android TV 65U1S (Black),Televisions,"61,999.00","69,999.00",11%,4.1,6753
B07L3NDN24,ZEBRONICS,"ZEBRONICS Zeb-Fame 5watts 2.0 Multi Media Speakers with AUX, USB and Volume Control (Black)",Speakers,499,799,38%,3.9,6742
B09MKP344P,Tecno,"Tecno Spark 8T (Turquoise Cyan, 4GB RAM,64GB Storage) | 50MP AI Camera | 7GB Expandable RAM",Smartphones,"8,499.00","12,999.00",35%,4.1,6662
B09T3KB6JZ,TCL,TCL 100 cm (40 inches) Full HD Certified Android R Smart LED TV 40S6505 (Black),Televisions,"18,990.00","40,990.00",54%,4.2,6659
B08PZ6HZLT,VW,VW 80 cm (32 inches) HD Ready Android Smart LED TV VW32PRO (Black),Televisions,"8,999.00","18,999.00",53%,4,6347
B07J2NGB69,Lenovo,"Lenovo 400 Wireless Mouse, 1200DPI Optical Sensor, 2.4GHz Wireless Nano USB, 3-Button (Left,Right,Scroll) Upto 8M Left/Right & 100K Scroll clicks & 1yr Battery, Ambidextrous, Ergonomic GY50R91293",Mouse,629,"1,390.00",55%,4.4,6301
B08CS3BT4L,Kodak,Kodak 80 cm (32 inches) HD Ready Certified Android LED TV 32HDX7XPRO (Black),Televisions,"9,999.00","12,999.00",23%,4.2,6088
B09WN3SRC7,Sony,Sony Bravia 164 cm (65 inches) 4K Ultra HD Smart LED Google TV KD-65X74K (Black),Televisions,"77,990.00","1,39,900.00",44%,4.7,5935
B09NC2TY11,Noise,"Noise ColorFit Ultra Buzz Bluetooth Calling Smart Watch with 1.75"" HD Display, 320x385 px Resolution, 100 Sports Modes, Stock Market Info Smartwatch for Men & Women (Olive Green)",SmartWatches,"2,499.00","5,999.00",58%,4.1,5852
B07YFWVRCM,Imou,"Imou 360° 1080P Full HD Security Camera, Human Detection, Motion Tracking, 2-Way Audio, Night Vision, Dome Camera with WiFi & Ethernet Connection, Alexa Google Assistant, Up to 256GB SD Card Support",Cameras,"2,299.00","7,500.00",69%,4.1,5554
B08SBH499M,ZEBRONICS,"ZEBRONICS Zeb-Warrior II 10 watts 2.0 Multimedia Speaker with RGB Lights, USB Powered, AUX Input, Volume Control Pod for PC, Laptops, Desktop",PCSpeakers,649,"1,300.00",50%,4.1,5195
B09ZQK9X8G,Noise,"Noise ColorFit Pro 4 Advanced Bluetooth Calling Smart Watch with 1.72"" TruView Display, Fully-Functional Digital Crown, 311 PPI, 60Hz Refresh Rate, 500 NITS Brightness (Charcoal Black)",SmartWatches,"2,998.00","5,999.00",50%,4.1,5179
B09ZQK9X8G,Noise,"Noise ColorFit Pro 4 Advanced Bluetooth Calling Smart Watch with 1.72"" TruView Display, Fully-Functional Digital Crown, 311 PPI, 60Hz Refresh Rate, 500 NITS Brightness (Charcoal Black)",SmartWatches,"2,998.00","5,999.00",50%,4.1,5179
B07L9FW9GF,Zebronics,"Zebronics Zeb-Power Wired USB Mouse, 3-Button, 1200 DPI Optical Sensor, Plug & Play, for Windows/Mac",Mouse,149,249,40%,4,5057
B00R1P3B4O,Fujifilm,Fujifilm Instax Mini Single Pack 10 Sheets Instant Film for Fuji Instant Cameras,Cameras,549,549,0%,4.5,4875
B09DG9VNWB,Samsung,"Samsung Galaxy Watch4 Bluetooth(4.4 cm, Black, Compatible with Android only)",SmartWatches,"12,000.00","29,999.00",60%,4.3,4744
B08498D67S,HP,"HP K500F Backlit Membrane Wired Gaming Keyboard with Mixed Color Lighting, Metal Panel with Logo Lighting, 26 Anti-Ghosting Keys, and Windows Lock Key / 3 Years Warranty(7ZZ97AA)",Keyboards,"1,149.00","1,800.00",36%,4.3,4723
B0B1YY6JJL,Acer,Acer 109 cm (43 inches) I Series 4K Ultra HD Android Smart LED TV AR43AR2851UDFL (Black),Televisions,"23,999.00","34,990.00",31%,4.3,4703
B0B1YZX72F,Acer,Acer 127 cm (50 inches) I Series 4K Ultra HD Android Smart LED TV AR50AR2851UDFL (Black),Televisions,"27,999.00","40,990.00",32%,4.3,4703
B0B1YZ9CB8,Acer,Acer 139 cm (55 inches) I Series 4K Ultra HD Android Smart LED TV AR55AR2851UDFL (Black),Televisions,"32,999.00","47,990.00",31%,4.3,4703
B0B1YVCJ2Y,Acer,Acer 80 cm (32 inches) I Series HD Ready Android Smart LED TV AR32AR2841HDFL (Black),Televisions,"11,499.00","19,990.00",42%,4.3,4703
B0BC9BW512,Acer,Acer 100 cm (40 inches) P Series Full HD Android Smart LED TV AR40AR2841FDFL (Black),Televisions,"18,999.00","24,990.00",24%,4.3,4702
B08CRRQK6Z,Zebronics,"Zebronics Zeb-JUKEBAR 3900, 80W Multimedia soundbar with subwoofer Supporting Bluetooth, HDMI(ARC), Coaxial Input, AUX, USB & Remote Control (Black)",Speakers,"4,999.00","12,499.00",60%,4.2,4541
B0B53QLB9H,PTron,"PTron Newly Launched Force X10 Bluetooth Calling Smartwatch with 1.7"" Full Touch Color Display, Real Heart Rate Monitor, SpO2, Watch Faces, 5 Days Runtime, Fitness Trackers & IP68 Waterproof (Blue)",SmartWatches,"1,299.00","5,999.00",78%,3.3,4415
B0B53QFZPY,PTron,"PTron Newly Launched Force X10 Bluetooth Calling Smartwatch with 1.7"" Full Touch Color Display, Real Heart Rate Monitor, SpO2, Watch Faces, 5 Days Runtime, Fitness Trackers & IP68 Waterproof (Pink)",SmartWatches,"1,299.00","5,999.00",78%,3.3,4415
B0B53NXFFR,PTron,"PTron Newly Launched Force X10 Bluetooth Calling Smartwatch with 1.7"" Full Touch Display, Real Heart Rate Monitor, SpO2, Watch Faces, 5 Days Runtime, Health/Fitness Trackers & IP68 Waterproof (Black)",SmartWatches,"1,399.00","5,999.00",77%,3.3,4415
B08FN6WGDQ,Samsung,"Samsung Galaxy Buds Live Bluetooth Truly Wireless in Ear Earbuds with Mic, Upto 21 Hours Playtime, Mystic Black",Earbuds,"4,790.00","15,990.00",70%,4,4390
B08D9MNH4B,HP,"HP Deskjet 2723 AIO Printer, Copy, Scan, WiFi, Bluetooth, USB, Simple Setup Smart App, Ideal for Home.",Printers,"5,899.00","7,005.00",16%,3.6,4199
B08LW31NQ6,Lenovo,"Lenovo 600 Bluetooth 5.0 Silent Mouse: Compact, Portable, Dongle-Free Multi-Device connectivity with Microsoft Swift Pair | 3-Level Adjustable DPI up to 2400 | Battery Life: up to 1 yr",Mouse,"1,439.00","2,890.00",50%,4.5,4099
B09GB5B4BK,HP,"HP 150 Wireless USB Mouse with Ergonomic and ambidextrous Design, 1600 DPI Optical Tracking, 2.4 GHz Wireless connectivity, Dual-Function Scroll Wheel and 12 Month Long Battery Life. 3-Years Warranty.",Mouse,599,899,33%,4,4018
B07MDRGHWQ,VW,VW 60 cm (24 inches) Premium Series HD Ready LED TV VW24A (Black),Televisions,"5,699.00","11,000.00",48%,4.2,4003
B07MKFNHKG,VW,VW 80 cm (32 inches) Frameless Series HD Ready LED TV VW32A (Black),Televisions,"6,999.00","12,999.00",46%,4.2,4003
B09F5Z694W,Canon,"Canon E4570 All-in-One Wi-Fi Ink Efficient Colour Printer with FAX/ADF/Duplex Printing (Black)- Smart Speaker Compatible, Standard",Printers,"8,349.00","9,625.00",13%,3.8,3652
B09LD3116F,Qubo,Qubo Smart Cam 360 from Hero Group | Made in India | 2MP 1080p Full HD | CCTV Wi-Fi Camera | 360 Degree Coverage| Two Way Talk | Mobile App Connectivity | Night Vision | Cloud & SD Card Recording,Cameras,"2,490.00","3,990.00",38%,4.1,3606
B0B9XLX8VR,VU,VU 139 cm (55 inches) The GloLED Series 4K Smart LED Google TV 55GloLED (Grey),Televisions,"37,999.00","65,000.00",42%,4.3,3587
B0BC8BQ432,VU,VU 164 cm (65 inches) The GloLED Series 4K Smart LED Google TV 65GloLED (Grey),Televisions,"54,990.00","85,000.00",35%,4.3,3587
B087JWLZ2K,AmazonBasics,AmazonBasics 108 cm (43 inches) 4K Ultra HD Smart LED Fire TV AB43U20PS (Black),Televisions,"24,499.00","50,000.00",51%,3.9,3518
B0B217Z5VK,Noise,"Noise Buds VS402 Truly Wireless in Ear Earbuds, 35-Hours of Playtime, Instacharge, Quad Mic with ENC, Hyper Sync, Low Latency, 10mm Driver, Bluetooth v5.3 and Breathing LED Lights (Neon Black)",Earbuds,"1,799.00","3,999.00",55%,3.9,3517
B099SD8PRP,Lenovo,"Lenovo 130 Wireless Compact Mouse, 1K DPI Optical sensor, 2.4GHz Wireless NanoUSB, 10m range, 3button(left,right,scroll) upto 3M left/right clicks, 10 month battery, Ambidextrous, Ergonomic GY51C12380",Mouse,579,"1,090.00",47%,4.4,3482
B08VRMK55F,Zebronics,"Zebronics Zeb Buds C2 in Ear Type C Wired Earphones with Mic, Braided 1.2 Metre Cable, Metallic Design, 10mm Drivers, in Line Mic & Volume Controller (Blue)",WiredEarphones,399,699,43%,3.4,3454
B083RD1J99,HP,"HP Wired Mouse 100 with 1600 DPI Optical Sensor, USB Plug-and -Play,ambidextrous Design, Built-in Scrolling and 3 Handy Buttons. 3-Years Warranty (6VY96AA)",Mouse,328,399,18%,4.1,3441
B0B1F6GQPS,Boult,"Boult Audio FXCharge with ENC, 32H Playtime, 5min=7H Type C Fast Charging, Zen ENC, 14.2 mm BoomX Rich Bass, IPX5, Bluetooth Wireless in Ear Earphones Neckband with mic (Black)",neckband,999,"4,499.00",78%,3.8,3390
B08FTFXNNB,HP,"HP w100 480P 30 FPS Digital Webcam with Built-in Mic, Plug and Play Setup, Wide-Angle View for Video Calling on Skype, Zoom, Microsoft Teams and Other Apps (Black)",Cameras,499,"1,999.00",75%,3.7,3369
B0B56YRBNT,Tecno,"Tecno Spark 9 (Sky Mirror, 6GB RAM,128GB Storage) | 11GB Expandable RAM | Helio G37 Gaming Processor",Smartphones,"8,999.00","13,499.00",33%,3.8,3145
B0B5V47VK4,OnePlus,"OnePlus 10T 5G (Moonstone Black, 8GB RAM, 128GB Storage)",Smartphones,"44,999.00","49,999.00",10%,4.3,3075
B08CF4SCNP,Quantum,"Quantum QHM-7406 Full-Sized Keyboard with (?) Rupee Symbol, Hotkeys and 3-pieces LED function for Desktop/Laptop/Smart TV Spill-Resistant Wired USB Keyboard with 10 million keystrokes lifespan (Black)",Keyboards,299,599,50%,3.8,3066
B079Y6JZC8,ZEBRONICS,"ZEBRONICS Zeb-Comfort Wired USB Mouse, 3-Button, 1000 DPI Optical Sensor, Plug & Play, for Windows/Mac, Black",Mouse,139,299,54%,3.8,3044
B06XGWRKYT,Kodak,Kodak 80 cm (32 Inches) HD Ready LED TV Kodak 32HDX900S (Black),Televisions,"7,999.00","15,999.00",50%,3.8,3022
B08FD2VSD9,TCL,TCL 108 cm (43 inches) 4K Ultra HD Certified Android Smart LED TV 43P615 (Black),Televisions,"24,990.00","51,990.00",52%,4.2,2951
B08SMJT55F,boAt,"boAt Stone 250 Portable Wireless Speaker with 5W RMS Immersive Audio, RGB LEDs, Up to 8HRS Playtime, IPX7 Water Resistance, Multi-Compatibility Modes(Black)",Speakers,"1,199.00","3,990.00",70%,4.2,2908
B09XXZXQC1,Xiaomi,"Xiaomi Pad 5| Qualcomm Snapdragon 860| 120Hz Refresh Rate| 6GB, 128GB| 2.5K+ Display (10.95-inch/27.81cm)|1 Billion Colours| Dolby Vision Atmos| Quad Speakers| Wi-Fi| Gray",Smartphones,"26,999.00","37,999.00",29%,4.6,2886
B098JYT4SY,Zebronics,"Zebronics Zeb-Jaguar Wireless Mouse, 2.4GHz with USB Nano Receiver, High Precision Optical Tracking, 4 Buttons, Plug & Play, Ambidextrous, for PC/Mac/Laptop (Black+Grey)",Mouse,399,"1,190.00",66%,4.1,2809
B08HD7JQHX,HUMBLE,"HUMBLE Dynamic Lapel Collar Mic Voice Recording Filter Microphone for Singing Youtube SmartPhones, Black",PCMicrophones,199,499,60%,3.3,2804
B08J82K4GX,Samsung,"Samsung 24-inch(60.46cm) FHD Monitor, IPS, 75 Hz, Bezel Less Design, AMD FreeSync, Flicker Free, HDMI, D-sub, (LF24T350FHWXXL, Dark Blue Gray)",Monitor,"10,099.00","19,110.00",47%,4.3,2623
B09F6VHQXB,Croma,"Croma 80 cm (32 Inches) HD Ready LED TV (CREL7369, Black) (2021 Model)",Televisions,"7,390.00","20,000.00",63%,4.1,2581
B09SGGRKV8,ZEBRONICS,"ZEBRONICS Zeb-Buds 30 3.5Mm Stereo Wired in Ear Earphones with Mic for Calling, Volume Control, Multifunction Button, 14Mm Drivers, Stylish Eartip,1.2 Meter Durable Cable and Lightweight Design(Red)",WiredEarphones,199,499,60%,3.6,2492
B08Y7MXFMK,Offbeat®,"Offbeat® - DASH 2.4GHz Wireless + Bluetooth 5.1 Mouse, Multi-Device Dual Mode Slim Rechargeable Silent Click Buttons Wireless Bluetooth Mouse, 3 Adjustable DPI, Works on 2 devices at the same time with a switch button for Windows/Mac/Android/Ipad/Smart TV",Mouse,"1,099.00","1,499.00",27%,4.2,2375
B09BF8JBWX,Lava,"Lava A1 Josh 21(Blue Silver) -Dual Sim,Call Blink Notification,Military Grade Certified with 4 Day Battery Backup, Keypad Mobile",BasicMobiles,"1,055.00","1,249.00",16%,3.8,2352
B08497Z1MQ,HP,"HP M270 Backlit USB Wired Gaming Mouse with 6 Buttons, 4-Speed Customizable 2400 DPI, Ergonomic Design, Breathing LED Lighting, Metal Scroll Wheel, Lightweighted / 3 Years Warranty (7ZZ87AA), Black",Mouse,599,700,14%,4.3,2301
B0B5GJRTHB,Wecool,"Wecool Moonwalk M1 ENC True Wireless in Ear Earbuds with Mic, Titanium Drivers for Rich Bass Experience, 40+ Hours Play Time, Type C Fast Charging, Low Latency, BT 5.3, IPX5, Deep Bass (Black)",Earbuds,889,"1,999.00",56%,4.2,2284
B09YLFHFDW,Sony,"Sony WI-C100 Wireless Headphones with Customizable Equalizer for Deep Bass & 25 Hrs Battery, DSEE-Upscale, Splash Proof, 360RA, Fast Pair, in-Ear Bluetooth Headset with mic for Phone Calls (Black)",Earbuds,"1,599.00","2,790.00",43%,3.6,2272
B0BBFJ9M3X,Redmi,"Redmi 11 Prime 5G (Meadow Green, 4GB RAM 64GB ROM) | Prime Design | MTK Dimensity 700 | 50 MP Dual Cam | 5000mAh | 7 Band 5G",Smartphones,"13,999.00","15,999.00",13%,3.9,2180
B0BBFJLP21,Redmi,"Redmi 11 Prime 5G (Thunder Black, 4GB RAM, 64GB Storage) | Prime Design | MTK Dimensity 700 | 50 MP Dual Cam | 5000mAh | 7 Band 5G",Smartphones,"13,999.00","15,999.00",13%,3.9,2180
B09MDCZJXS,Wings,"Wings Phantom Pro Earphones Gaming Earbuds with LED Battery Indicator, 50ms Low Latency, Bluetooth 5.3, 40 Hours Playtime, MEMs Mic, IPX4 Resist, 12mm Driver, 500mah case, Headphones, (Black TWS)",PCHeadsets,"1,199.00","5,499.00",78%,3.8,2043
B08L879JSN,Acer,"Acer EK220Q 21.5 Inch (54.61 cm) Full HD (1920x1080) VA Panel LCD Monitor with LED Back Light I 250 Nits I HDMI, VGA Ports I Eye Care Features Like Bluelight Shield, Flickerless & Comfy View (Black)",Monitor,"6,299.00","13,750.00",54%,4.2,2014
B0B31FR4Y2,Boult,"Boult Audio Omega with 30dB ANC+ ENC, 32H Playtime, 45ms Latency Gaming Mode, Quad Mic Zen ENC, 3 Equalizer Modes, ANC, Type-C Fast Charging, IPX5 True Wireless in Ear Bluetooth Earbuds (Black)",Earbuds,"1,999.00","9,999.00",80%,3.7,1986
B0B2931FCV,ZEBRONICS,"ZEBRONICS Zeb-Sound Bomb N1 True Wireless in Ear Earbuds with Mic ENC, Gaming Mode (up to 50ms), up to 18H Playback, BT V5.2, Fidget Case, Voice Assistant, Splash Proof, Type C (Midnight Black)",Earbuds,999,"4,199.00",76%,3.5,1913
B09NNHFSSF,CP,CP PLUS 2MP Full HD Smart Wi-fi CCTV Security Camera | 360° with Pan Tilt | Two Way Talk | Cloud Monitor | Motion Detect | Night Vision | Supports SD Card (Up to 128 GB) | Alexa & Ok Google | CP-E21A,Cameras,"1,999.00","4,700.00",57%,3.8,1880
B09GFN8WZL,Portronics,"Portronics Ruffpad 8.5M Multicolor LCD Writing Pad with Screen 21.5cm (8.5-inch) for Drawing, Playing, Handwriting Gifts for Kids & Adults, India's first notepad to save and share your child's first creatives via Ruffpad app on your Smartphone(Black)",GraphicTablets,378,999,62%,4.1,1779
B0B12K5BPM,ZEBRONICS,"ZEBRONICS Zeb-Astra 20 Wireless BT v5.0 Portable Speaker with 10W RMS Output, TWS, 10H Backup Approx, Built in Rechargeable Battery FM Radio, AUX, mSD, USB, Call Function and Dual 52mm Drivers Multi",Speakers,"1,049.00","2,299.00",54%,3.9,1779
B08XXF5V6G,Kodak,Kodak 139 cm (55 inches) 4K Ultra HD Smart LED TV 55CA0909 (Black),Televisions,"29,999.00","50,999.00",41%,4.4,1712
B0B21XL94T,Toshiba,Toshiba 108 cm (43 inches) V Series Full HD Smart Android LED TV 43V35KP (Silver),Televisions,"21,990.00","34,990.00",37%,4.3,1657
B0B7DHSKS7,Nokia,"Nokia 8210 4G Volte keypad Phone with Dual SIM, Big Display, inbuilt MP3 Player & Wireless FM Radio | Blue",BasicMobiles,"3,799.00","5,299.00",28%,3.5,1641
B0B997FBZT,Acer,Acer 139 cm (55 inches) H Series 4K Ultra HD Android Smart LED TV AR55AR2851UDPRO (Black),Televisions,"35,999.00","49,990.00",28%,4.3,1611
B0B9959XF3,Acer,Acer 80 cm (32 inches) S Series HD Ready Android Smart LED TV AR32AR2841HDSB (Black),Televisions,"12,499.00","22,990.00",46%,4.3,1611
B0B296NTFV,Portronics,"Portronics Toad 23 Wireless Optical Mouse with 2.4GHz, USB Nano Dongle, Optical Orientation, Click Wheel, Adjustable DPI(Black)",Mouse,299,599,50%,4.1,1597
B0B2C5MJN6,Hisense,Hisense 126 cm (50 inches) Bezelless Series 4K Ultra HD Smart LED Google TV 50A6H (Black),Televisions,"32,990.00","54,990.00",40%,4.1,1555
B09PLD9TCD,Kodak,Kodak 126 cm (50 inches) Bezel-Less Design Series 4K Ultra HD Smart Android LED TV 50UHDX7XPROBL (Black),Televisions,"26,999.00","42,999.00",37%,4.2,1510
B09DSXK8JX,Kodak,Kodak 80 cm (32 inches) HD Ready Certified Android Smart LED TV 32HDX7XPROBL (Black),Televisions,"10,499.00","19,499.00",46%,4.2,1510
B08CZHGHKH,BESTOR®,BESTOR® LCD Writing Tablet/pad 12 inches | Electronic Writing Scribble Board for Kids | Kids Learning Toy | Portable Ruff for LCD Paperless Memo Digital Tablet Notepad E-Writer/Writing/Drawing Pad Home/School/Office (Black),GraphicTablets,499,"1,399.00",64%,3.9,1462
B0B3XY5YT4,LG,LG 108 cm (43 inches) 4K Ultra HD Smart LED TV 43UQ7500PSF (Ceramic Black),Televisions,"30,990.00","49,990.00",38%,4.3,1376
B0B3XXSB1K,LG,LG 139 cm (55 inches) 4K Ultra HD Smart LED TV 55UQ7500PSF (Ceramic Black),Televisions,"47,990.00","79,990.00",40%,4.3,1376
B09HSKYMB3,MI,"MI REDMI 9i Sport (Carbon Black, 64 GB) (4 GB RAM)",Smartphones,"7,915.00","9,999.00",21%,4.3,1376
B09BVCVTBC,Redragon,"Redragon K617 Fizz 60% Wired RGB Gaming Keyboard, 61 Keys Compact Mechanical Keyboard w/White and Grey Color Keycaps, Linear Red Switch, Pro Driver/Software Supported",Keyboards,"2,649.00","3,499.00",24%,4.5,1271
B09X1M3DHX,iFFALCON,iFFALCON 80 cm (32 inches) HD Ready Smart LED TV 32F53 (Black),Televisions,"9,999.00","27,990.00",64%,4.2,1269
B099K9ZX65,Hisense,Hisense 108 cm (43 inches) 4K Ultra HD Smart Certified Android LED TV 43A6GE (Black),Televisions,"20,990.00","44,990.00",53%,4.1,1259
B08WD18LJZ,TVARA,"TVARA LCD Writing Tablet 8.5 Inch E-Note Pad LCD Writing Tablet, Kids Drawing Pad 8.5 Inch Doodle Board, Toddler Boy and Girl Learning Gift for 3 4 5 6 Years Old, Black",GraphicTablets,249,600,59%,4,1208
B091JF2TFD,Boult,Boult Audio BassBuds Oak in-Ear Wired Earphones with 10mm Extra Bass Driver and HD Sound with mic(Brown),WiredEarphones,499,"1,299.00",62%,3.9,1173
B09P564ZTJ,Wembley,"Wembley LCD Writing Pad/Tab | Writing, Drawing, Reusable, Portable Pad with Colorful Letters | 9 Inch Graphic Tablet (Assorted)",GraphicTablets,235,"1,599.00",85%,3.8,1173
B09YL9SN9B,LG,LG 80 cm (32 inches) HD Ready Smart LED TV 32LQ576BPSA (Ceramic Black),Televisions,"15,990.00","23,990.00",33%,4.3,1035
B09939XJX8,TVARA,"TVARA LCD Writing Tablet, 8.5"" Inch Colorful Toddler Doodle Board Drawing Tablet, Erasable Reusable Electronic Drawing Pads, Educational and Learning Tool for 3-6 Years Old Boy and Girls Mix Colors",GraphicTablets,354,"1,500.00",76%,4,1026
B0B7B9V9QP,VU,VU 108 cm (43 inches) Premium Series Full HD Smart LED TV 43GA (Black),Televisions,"18,999.00","35,000.00",46%,4,1001
B08QX1CC14,SKYWALL,SKYWALL 81.28 cm (32 inches) HD Ready Smart LED TV 32SWELS-PRO (Black),Televisions,"7,299.00","19,125.00",62%,3.4,902
B0B5GF6DQD,Noise,"Noise Agile 2 Buzz Bluetooth Calling Smart Watch with 1.28"" TFT Display,Dual Button,in-Built Mic & Speaker,AI Voice Assistant, Health Suite,in-Built Games, 100 Watch Faces-(Jet Black)",SmartWatches,"2,499.00","5,999.00",58%,3.7,828
B0BNXFDTZ2,Fire-Boltt,"Fire-Boltt Tank 1.85"" Bluetooth Calling Smart Watch, 123 Sports Mode, 8 UI Interactions, Built in Speaker & Mic, 7 Days Battery & Fire-Boltt Health Suite",SmartWatches,"2,999.00","11,999.00",75%,4.4,768
B0BD92GDQH,OnePlus,"OnePlus Nord Watch with 1.78” AMOLED Display, 60 Hz Refresh Rate, 105 Fitness Modes, 10 Days Battery, SPO2, Heart Rate, Stress Monitor, Women Health Tracker & Multiple Watch Face [Midnight Black]",SmartWatches,"4,999.00","6,999.00",29%,3.8,758
B0B82YGCF6,Tokdis,"Tokdis MX-1 Pro Bluetooth Calling Smartwatch - 1.69” LCD Display, Multiple Watch Faces, Sleep Monitor, Heart & SpO2 Monitoring, Multiple Sports Modes, Water Resistant",SmartWatches,899,"3,499.00",74%,3,681
B09X76VL5L,boAt,"boAt Airdopes 191G True Wireless Earbuds with ENx™ Tech Equipped Quad Mics, Beast™ Mode(Low Latency- 65ms) for Gaming, 2x6mm Dual Drivers, 30H Playtime, IPX5, IWP™, Appealing Case LEDs(Sport Blue)",Earbuds,"1,599.00","3,490.00",54%,3.7,676
B0B16KD737,VW,VW 80 cm (32 inches) Playwall Frameless Series HD Ready Android Smart LED TV VW3251 (Black),Televisions,"8,499.00","15,999.00",47%,4.3,592
B09NNGHG22,Sansui,Sansui 140cm (55 inches) 4K Ultra HD Certified Android LED TV with Dolby Audio & Dolby Vision JSW55ASUHD (Mystique Black),Televisions,"32,990.00","56,790.00",42%,4.3,567
B0B298D54H,Prolet,Prolet Classic Bumper Case Cover for Samsung Galaxy Watch 4 44mm TPU Plated Full Screen Protector (Black),SmartWatches,265,999,73%,3.7,465
B0B9XN9S3W,Acer,Acer 80 cm (32 inches) N Series HD Ready TV AR32NSV53HD (Black),Televisions,"7,999.00","14,990.00",47%,4.3,457
B09GBBJV72,HP,"HP 330 Wireless Black Keyboard and Mouse Set with Numeric Keypad, 2.4GHz Wireless Connection and 1600 DPI, USB Receiver, LED Indicators , Black(2V9E6AA)",Keyboard&MouseSets,"1,409.00","2,199.00",36%,3.9,427
B08S74GTBT,Zebronics,"Zebronics Astra 10 Portable Wireless BT v5.0 Speaker, 10W RMS Power, 15* Hours Backup, 2.25"" Drive Size, up to 6.4"" Mobile Holder Support, Carry Handle, USB, mSD, AUX Input and FM Radio with Antenna",Speakers,799,"1,999.00",60%,3.7,418
B09RFB2SJQ,10WeRun,"10WeRun Id-116 Bluetooth Smartwatch Wireless Fitness Band for Boys, Girls, Men, Women & Kids | Sports Gym Watch for All Smart Phones I Heart Rate and spo2 Monitor",SmartWatches,499,"1,899.00",74%,4.1,412
B08498H13H,HP,"HP GK320 Wired Full Size RGB Backlight Mechanical Gaming Keyboard, 4 LED Indicators, Mechanical Switches, Double Injection Key Caps, and Windows Lock Key(4QN01AA)",Keyboards,"1,519.00","3,499.00",57%,4.3,408
B0BBMPH39N,Amazon,"Amazon Basics Magic Slate 8.5-inch LCD Writing Tablet with Stylus Pen, for Drawing, Playing, Noting by Kids & Adults, Black",GraphicTablets,289,999,71%,4.1,401
B09ZPM4C2C,TCL,TCL 80 cm (32 inches) HD Ready Certified Android Smart LED TV 32S5205 (Black),Televisions,"10,901.00","30,990.00",65%,4.1,398
B09VC2D2WG,Portronics,"Portronics Ruffpad 12E Re-Writable LCD Writing Pad with 30.4cm (12 inch) Writing Area, Single Tap Erase, Smart Lock, Long Battery Life, India's first notepad to save and share your child's first creatives via Ruffpad app on your Smartphone(Black)",GraphicTablets,469,"1,499.00",69%,4.1,352
B0B466C3G4,Karbonn,Karbonn 80 cm (32 inches) Millenium Bezel-Less Series HD Ready Smart LED TV KJW32SKHD (Phantom Black),Televisions,"8,990.00","18,990.00",53%,3.9,350
B0B2RBP83P,Lenovo,"Lenovo IdeaPad 3 11th Gen Intel Core i3 15.6"" FHD Thin & Light Laptop(8GB/512GB SSD/Windows 11/Office 2021/2Yr Warranty/3months Xbox Game Pass/Platinum Grey/1.7Kg), 81X800LGIN",Laptops,"37,247.00","59,890.00",38%,4,323
B0BMGG6NKT,Samsung,"Samsung Galaxy M04 Dark Blue, 4GB RAM, 128GB Storage | Upto 8GB RAM with RAM Plus | MediaTek Helio P35 | 5000 mAh Battery",Smartphones,"10,499.00","13,499.00",22%,4.2,284
B0BMGB3CH9,Samsung,"Samsung Galaxy M04 Dark Blue, 4GB RAM, 64GB Storage | Upto 8GB RAM with RAM Plus | MediaTek Helio P35 | 5000 mAh Battery",Smartphones,"9,499.00","11,999.00",21%,4.2,284
B0BMGB2TPR,Samsung,"Samsung Galaxy M04 Light Green, 4GB RAM, 64GB Storage | Upto 8GB RAM with RAM Plus | MediaTek Helio P35 | 5000 mAh Battery",Smartphones,"9,499.00","11,999.00",21%,4.2,284
B09LRZYBH1,KRISONS,"KRISONS Thunder Speaker, Multimedia Home Theatre, Floor Standing Speaker, LED Display with Bluetooth, FM, USB, Micro SD Card, AUX Connectivity",Speakers,"2,299.00","3,999.00",43%,3.8,282
B09NY6TRXG,POCO,"POCO C31 (Royal Blue, 64 GB) (4 GB RAM)",Smartphones,"8,499.00","11,999.00",29%,3.9,276
B0BMVWKZ8G,Newly,"Newly Launched Boult Dive+ with 1.85"" HD Display, Bluetooth Calling Smartwatch, 500 Nits Brightness, 7 Days Battery Life, 150+ Watch Faces, 100+ Sport Modes, IP68 Waterproof Smart Watch (Jet Black)",SmartWatches,"1,999.00","8,499.00",76%,4.3,240
B0BB3CBFBM,VU,VU 138 cm (55 inches) Premium Series 4K Ultra HD Smart IPS LED TV 55UT (Black),Televisions,"29,990.00","65,000.00",54%,4.1,211
B07QZ3CZ48,boAt,"boAt BassHeads 122 Wired Earphones with Heavy Bass, Integrated Controls and Mic (Gun Metal)",WiredEarphones,399,"1,290.00",69%,4.2,206
B0BNVBJW2S,boAt,"boAt Newly Launched Wave Electra with 1.81"" HD Display, Smart Calling Ultra-Seamless BT Calling Chip, 20 Built-in Watch Faces, 100 + Sports Modes, Menu Personalization, in-Built Games(Cherry Blossom)",SmartWatches,"2,499.00","7,990.00",69%,4.1,154
B0BNV7JM5Y,boAt,"boAt Newly Launched Wave Electra with 1.81"" HD Display, Smart Calling with Ultra-Seamless BT Calling Chip,20 Built-In Watch Faces,100 + Sports Modes,Menu Personalization,In-Built Games(Charcoal Black)",SmartWatches,"2,999.00","7,990.00",62%,4.1,154
B09NNJ9WYM,Sansui,Sansui 80cm (32 inches) HD Ready Smart LED TV JSY32SKHD (BLACK) With Bezel-less Design,Televisions,"10,990.00","19,990.00",45%,3.7,129
B09NY7W8YD,POCO,"POCO C31 (Shadow Gray, 64 GB) (4 GB RAM)",Smartphones,"7,998.00","11,999.00",33%,3.8,125
B0B467CCB9,Karbonn,Karbonn 80 cm (32 Inches) Millennium Series HD Ready LED TV KJW32NSHDF (Phantom Black) with Bezel-Less Design,Televisions,"6,999.00","16,990.00",59%,3.8,110
B0BBVKRP7B,SHREENOVA,SHREENOVA ID116 Plus Bluetooth Fitness Smart Watch for Men Women and Kids Activity Tracker (Black),SmartWatches,281,"1,999.00",86%,2.8,87
B0BP18W8TM,Fire-Boltt,"Fire-Boltt Gladiator 1.96"" Biggest Display Smart Watch with Bluetooth Calling, Voice Assistant &123 Sports Modes, 8 Unique UI Interactions, SpO2, 24/7 Heart Rate Tracking",SmartWatches,"3,999.00","9,999.00",60%,4.4,73
B09ZPJT8B2,TCL,TCL 80 cm (32 inches) HD Ready Certified Android Smart LED TV 32S615 (Black),Televisions,"11,990.00","31,990.00",63%,4.2,64
B0BMM7R92G,Noise,Noise_Colorfit Smart Watch Charger 2 Pin USB Fast Charger Magnetic Charging Cable Adapter (Smart Watch Charger 2 pin),SmartWatches,249,999,75%,4.5,38
B0BGSV43WY,Noise,"Noise ColorFit Pro 4 Alpha Bluetooth Calling Smart Watch with 1.78 AMOLED Display, Tru Sync, 60hz Refresh Rate, instacharge, Gesture Control, Functional 360 Digital Crown (Jet Black)",SmartWatches,"4,499.00","7,999.00",44%,3.5,37
B09ZHCJDP1,Amazon,"Amazon Basics Wireless Mouse | 2.4 GHz Connection, 1600 DPI | Type - C Adapter | Upto 12 Months of Battery Life | Ambidextrous Design | Suitable for PC/Mac/Laptop",Mouse,499,"1,000.00",50%,5,23
B07H8W9PB6,KLAM,"KLAM LCD Writing Tablet Screenwriting Toys Board Smart Digital E-Note Pad 8.5 Inch Light Weight Magic Slate for Drawing Playing Noting by Kids and Adults Best Birthday Gift Girls Boys, Multicolor",GraphicTablets,175,499,65%,4.1,21
